block_number,FLOPs (G),Param Memory (MB),Activation Size (MB),pi_execution_time,gpu_execution_time,model_name
0,-0.9240045644526369,-0.9923299915448726,-0.8806238672622847,-0.8798364182657854,-0.791035496745812,alexnet_block_metrics_batch8
1,-0.9999324785112861,-1.0,-0.8806238672622847,-0.8831508371430018,-0.7889732042422897,alexnet_block_metrics_batch8
2,-0.9999324785112861,-1.0,-0.9722006381620932,-0.9335530588495633,-0.8295428593462547,alexnet_block_metrics_batch8
3,-0.7580164887475438,-0.8988318119855745,-0.9140472239948948,-0.9002252158964126,-0.8313661342936485,alexnet_block_metrics_batch8
4,-0.9999594871067716,-1.0,-0.9140472239948948,-0.9328205331915079,-0.846293495683682,alexnet_block_metrics_batch8
5,-0.9999594871067716,-1.0,-0.9810552648372687,-1.0,-0.9902634393962388,alexnet_block_metrics_batch8
6,-0.8788461928008587,-0.7814867219988612,-0.960832163369496,-0.7299503022073464,-0.5549777406388838,alexnet_block_metrics_batch8
7,-0.9999999999999999,-1.0,-0.960832163369496,-0.8652308990487153,-0.8552774233703164,alexnet_block_metrics_batch8
8,-0.8384750946988878,-0.7087294876882992,-0.9743142310146777,-0.9794775335263994,-0.9658553887606081,alexnet_block_metrics_batch8
