bandwidth_mbps,model_name,split_index,static_network_delay_ms,system_inference_throughput_imgs_per_s,part1_inference_time_s,part2_inference_time_s,network_time_s,end_to_end_latency_s,intermediate_data_size_bytes,network_throughput_mbps
1.5,vgg16,1,200.0,0.02750303933742387,0.8593598879300631,12.72725303356464,278.37948377315814,305.041769357828,102760952.0,0.3520919753999718
1.5,vgg16,2,200.0,0.013921483398294066,0.9454145798316369,12.198823011838472,562.894008911573,589.7540963062874,102760952.0,0.1741119560393488
1.5,vgg16,3,200.0,0.013916596565161048,2.6734895889575663,10.646654184047993,564.5176129157727,588.7764050960541,102760952.0,0.17360815501776977
1.5,vgg16,4,200.0,0.013923391481147141,2.7607076351459208,10.781445796673115,564.1198425843165,588.8053627747756,102760952.0,0.17372935745166967
1.5,vgg16,5,200.0,0.055366143667830874,2.880536831342257,10.127152938109178,135.00957802625803,157.05204934340256,25690616.0,0.1815768027630401
1.5,vgg16,6,200.0,0.02766923479954887,3.6940199778630185,9.776202275202824,279.72415230824396,301.0988801259261,51380728.0,0.17518804281087885
1.5,vgg16,7,200.0,0.027649707046655828,3.746549826401931,9.851391223760752,279.82091192098767,301.35603750669037,51380728.0,0.17513091260352795
1.5,vgg16,8,200.0,0.027293837400671775,5.084706123058613,7.910733479719895,285.1398238768944,302.9524990962102,51380728.0,0.1719799981425967
1.5,vgg16,9,200.0,0.027646713947308176,5.028853104664729,8.216008424758911,281.3944391654088,300.6796944508186,51380728.0,0.1741433645237721
1.5,vgg16,10,200.0,0.10749922303091404,5.138420966955332,8.009921349011934,66.79397737062894,85.03111248749953,12845560.0,0.1835441450535253
1.5,vgg16,11,200.0,0.05428549656495089,5.584004420500535,7.679005732903113,139.94081735610962,156.7329719250019,25690617.0,0.17508855721046254
1.5,vgg16,12,200.0,0.05450973376490552,5.606150462077214,7.766792554121751,139.27751465944144,156.8989316866948,25690617.0,0.17593037680737955
1.5,vgg16,13,200.0,0.05411045329851023,6.853649854660034,6.292244874514067,141.6468622317681,156.73647411052997,25690617.0,0.17297265450124605
1.5,vgg16,14,200.0,0.05422806000885613,6.773534297943115,6.206682021801289,141.42610557262714,156.33503081248358,25690617.0,0.17324150136415317
1.5,vgg16,15,200.0,0.053818180483536975,7.860203431202815,5.071253061294556,143.25596141815186,156.27155087544367,25690617.0,0.171025916640672
1.5,vgg16,16,200.0,0.05379475435731967,7.916627883911133,4.853551094348614,143.26951923737158,156.14957516009991,25690617.0,0.17100973120492832
1.5,vgg16,17,200.0,0.1953291628035231,8.042368998894325,5.343216877717238,35.41287214939411,49.10285117075993,6423033.0,0.17303407013430425
1.5,vgg16,18,200.0,0.10305328865095462,8.844556184915396,4.3044627996591425,71.55208767377414,84.74188225085919,12845561.0,0.17121068378182372
1.5,vgg16,19,200.0,0.10267948796453358,9.075655662096464,4.5031486841348505,71.5702480169443,85.20399242181044,12845561.0,0.17116724623715157
1.5,vgg16,20,200.0,0.10049164739785658,10.008399633260874,2.993975822742169,71.54642013403085,84.58314831440265,12845561.0,0.17122424306561143
1.5,vgg16,21,200.0,0.10142204593849011,10.080298056969276,3.004150097186749,71.54805667583759,84.66774568190941,12845561.0,0.17122032701873316
1.5,vgg16,22,200.0,0.09962559005083983,11.44015409396245,1.7696178142841046,71.54552423037015,84.77949874217694,12845561.0,0.17122638701269025
1.5,vgg16,23,200.0,0.0992277851949033,11.457252979278564,1.7397392162909875,71.54643176152156,84.77883940476637,12845561.0,0.17122421560083015
1.5,vgg16,24,200.0,0.29866973647722656,11.433725650493916,1.7058312526116004,17.758046865463257,30.898960388623752,3211768.0,0.17248409976568432
1.5,vgg16,25,200.0,0.2890035701588724,11.614865743196928,1.4076044192680945,17.75838327407837,30.779244606311504,3211768.0,0.17248083262496117
1.5,vgg16,26,200.0,0.29700104743213057,11.632150925122774,1.431138643851647,17.75850774691655,30.81965629871075,3211768.0,0.17247962426103564
1.5,vgg16,27,200.0,0.2894530890067903,12.194940071839552,1.1114372106698842,17.758496889701256,31.061333271173332,3211768.0,0.17247973091949317
1.5,vgg16,28,200.0,0.29250547915492475,12.032992051197933,1.0990328972156231,17.758215409058792,30.89268183708191,3211768.0,0.17248246303341672
1.5,vgg16,29,200.0,0.2881322920480895,12.429778209099403,0.8151529385493352,17.758787705348087,31.008542390970085,3211768.0,0.1724769054519943
1.5,vgg16,30,200.0,0.2893432087714238,12.325456289144663,0.8105070957770715,17.75839438805213,30.90143786943876,3211768.0,0.17248072585010774
1.5,alexnet,1,200.0,0.23139969720113543,0.0843053047473614,0.7149234001453106,33.90583975498493,37.30672353964586,6195704.0,0.17427106941829912
1.5,alexnet,2,200.0,0.2313208840591107,0.09341036356412448,0.7030308063213642,33.916748138574455,37.57623243331909,6195704.0,0.17421464936768996
1.5,alexnet,3,200.0,0.9598126281309335,0.09720793137183556,0.6963131427764893,7.678276153711172,10.728321974094097,1493494.0,0.18555867196119794
1.5,alexnet,4,200.0,0.3199433953294901,0.1988070194537823,0.5895427923936111,24.442188262939453,27.76836558488699,4479480.0,0.17478201905967816
1.5,alexnet,5,200.0,0.3199468489887836,0.2011101612677941,0.591966830767118,24.439895263085,27.69402503967285,4479480.0,0.17479872777787103
1.5,alexnet,6,200.0,1.3798994013484098,0.20519553698026216,0.5858911734360915,5.2415972122779255,8.990988162847666,1038837.0,0.1890910823318353
1.5,alexnet,7,200.0,0.6899777456048126,0.2636713431431697,0.528723771755512,11.090124387007494,14.250846000818106,2077174.0,0.17863598021448615
1.5,alexnet,8,200.0,0.6899309580335169,0.2650161339686467,0.5252256576831524,11.093806175085215,14.464718635265644,2077174.0,0.17857636026212423
1.5,alexnet,9,200.0,1.0346496347767062,0.3550688670231746,0.4441794248727652,7.305637543018047,10.161657571792603,1384950.0,0.18080857696402036
1.5,alexnet,10,200.0,1.0349623824286311,0.35410736157343936,0.441082972746629,7.306808581719031,10.615171744273258,1384950.0,0.18078014596606115
1.5,alexnet,11,200.0,1.0348559259477195,0.41145750192495495,0.3783433804145226,7.365510702133179,9.68896959378169,1384950.0,0.17933239444501595
1.5,alexnet,12,200.0,1.0350094146426323,0.41377636102529675,0.3809798314021184,7.362479540017935,10.527918650553776,1384950.0,0.17940721879123483
1.5,alexnet,13,200.0,4.85545672266703,0.41144457230201137,0.3746324319105882,1.2874441330249493,3.5739831007443943,295414.0,0.2191998744618019
1.5,alexnet,14,200.0,4.85496196460074,0.416029875095074,0.3741453610933744,1.2877236879788911,3.9557061928969164,295414.0,0.2191467416726852
1.5,alexnet,15,200.0,4.856480983231035,0.41606024595407337,0.3741445724780743,1.2874216666588416,4.313451271790725,295414.0,0.21922137092542207
1.5,mobilenetv2,1,200.0,0.1116153534692718,0.11998051404953003,1.7111040651798248,70.17473590373993,75.62954249978065,12845560.0,0.17458095308798455
1.5,mobilenetv2,2,200.0,0.22325882526773172,0.29686155915260315,1.5436695218086243,34.4707590341568,39.40657711029053,6423032.0,0.17773288090888223
1.5,mobilenetv2,3,200.0,0.595199839134565,0.9417857825756073,0.9664115011692047,12.577424347400665,15.755025535821915,2408952.0,0.1827344355903338
1.5,mobilenetv2,4,200.0,0.5953497863845968,1.1048756837844849,0.7534488439559937,12.760351121425629,16.24258229136467,2408952.0,0.18007937570260568
1.5,mobilenetv2,5,200.0,1.7863516876721282,1.2427118718624115,0.6824248135089874,3.8627207577228546,7.3134400844573975,803318.0,0.19869002055363008
1.5,mobilenetv2,6,200.0,1.7821799805457328,1.273439645767212,0.6252276599407196,3.917584776878357,7.552651554346085,803318.0,0.19582765395384305
1.5,mobilenetv2,7,200.0,1.78462293584541,1.3704174757003784,0.539731502532959,3.9890054762363434,7.058028876781464,803318.0,0.19222625030811943
1.5,mobilenetv2,8,200.0,3.57556129125913,1.4635436832904816,0.4290522336959839,1.8443304300308228,4.607835650444031,401909.0,0.20826831359884634
1.5,mobilenetv2,9,200.0,3.5706744799559065,1.4740093350410461,0.40540245175361633,1.8651929199695587,4.7390106320381165,401909.0,0.20585482005320235
1.5,mobilenetv2,10,200.0,3.572783261778094,1.5166437327861786,0.3776964545249939,1.8896088302135468,4.832333445549011,401909.0,0.203117129062693
1.5,mobilenetv2,11,200.0,3.576797666868465,1.5172879695892334,0.32569411396980286,1.9352308213710785,4.524287611246109,401909.0,0.19823378495253086
1.5,mobilenetv2,12,200.0,2.377705375911931,1.5061537027359009,0.3111186623573303,3.0693943798542023,5.954144448041916,602613.0,0.1872812957051353
1.5,mobilenetv2,13,200.0,2.3791261117311677,1.6511191427707672,0.2381552755832672,3.1328587234020233,5.698175251483917,602613.0,0.18345437178601975
1.5,mobilenetv2,14,200.0,2.381420169462126,1.604422777891159,0.17399847507476807,3.1877307295799255,5.650805443525314,602613.0,0.18028831715732155
1.5,mobilenetv2,15,200.0,4.745737800301526,1.6549963057041168,0.1269819438457489,1.2282038033008575,2.9841151237487793,251379.0,0.19519074644191384
1.5,mobilenetv2,16,200.0,4.7041186554282355,1.670578956604004,0.09591209888458252,1.2300129532814026,2.9701042771339417,251379.0,0.1949041045700722
1.5,mobilenetv2,17,200.0,4.61266786881966,1.7026015222072601,0.06633839011192322,1.2282091975212097,2.970684587955475,251379.0,0.19518977158492568
1.5,mobilenetv2,18,200.0,2.8579158552107393,1.7470903396606445,0.029257893562316895,2.7542061507701874,5.223034143447876,502262.0,0.1739619417302355
1.5,resnet18,1,200.0,0.22302444536632443,0.5323506135206956,1.089188630764301,34.84727773299584,39.364298820495605,6423032.0,0.17578964398346017
1.5,resnet18,2,200.0,0.22314712178120932,0.7527756874377911,0.8664272931905893,35.03195388500507,39.202245235443115,6423032.0,0.17485947376431643
1.5,resnet18,3,200.0,0.44626600861771915,0.9040737518897424,0.7231781299297626,17.243918602283184,21.11007494192857,3211768.0,0.17764097352409097
1.5,resnet18,4,200.0,0.4463035595408482,1.0369818394000714,0.5688229157374456,17.385674183185284,20.88843923348647,3211768.0,0.17618562644085076
1.5,resnet18,5,200.0,0.8926993430146168,1.167686260663546,0.4374531965989333,8.544340683863712,11.5636256474715,1606134.0,0.17928203724525116
1.5,resnet18,6,200.0,0.8926113249213425,1.3232515591841478,0.29862147111159104,8.673439502716064,10.90215277671814,1606134.0,0.17660410625985712
1.5,resnet18,7,200.0,1.7848833091174334,1.4536286684182973,0.1595445046058068,4.320402970680823,6.945595374474158,803318.0,0.1773228160669443
1.5,resnet18,8,200.0,1.7841212778141988,1.6091869244208703,0.0028617382049560547,4.464958502696111,6.587034683961135,803318.0,0.17159888393231465
1.5,inceptionv3,1,200.0,0.06287251348594328,0.2059029249044565,5.3027074703803425,122.30149404819196,135.15815711021423,22734328.0,0.17730826403683023
1.5,inceptionv3,2,200.0,0.0646678303359998,0.47155231695908767,5.058026552200317,119.0071954360375,130.80065829937274,22128120.0,0.17734971136970984
1.5,inceptionv3,3,200.0,0.03234234715932517,1.0892631274003248,4.485930461149949,243.01424549176141,254.1365122611706,44255736.0,0.1736817034241477
1.5,inceptionv3,4,200.0,0.13086699089477288,1.0908424120682936,4.399007320404053,57.04210895758409,67.8656015762916,10914296.0,0.18255944623641354
1.5,inceptionv3,5,200.0,0.10464039749092643,1.2232473630171556,4.274897520358746,72.46093794015738,83.08814901572008,13642744.0,0.179619127389077
1.5,inceptionv3,6,200.0,0.04626138385292543,1.7433783274430494,3.72682470541734,169.44711879583505,178.88908125804022,30972408.0,0.17432319802166185
1.5,inceptionv3,7,200.0,0.18950671061911825,1.8196233419271617,3.7099270270420956,38.75944528212914,48.17486315507155,7526904.0,0.18534082460379592
1.5,inceptionv3,8,200.0,0.14262700327676794,2.1282555139981785,3.4227050084334154,52.9044581926786,61.69098351551936,10035705.0,0.18095307424785112
1.5,inceptionv3,9,200.0,0.12655456843626076,2.4618548246530385,3.054207838498629,60.35867731387798,68.85278276296762,11290105.0,0.178424716044999
1.5,inceptionv3,10,200.0,0.12495286274703173,2.8073435379908633,2.739629030227661,61.40307180698101,68.54754853248596,11290105.0,0.1753606531844331
1.5,inceptionv3,11,200.0,0.19839249633116962,3.1287505626678467,2.386967127139752,38.05387630829444,44.99602128909184,7102969.0,0.17802899439472614
1.5,inceptionv3,12,200.0,0.19693544296476342,3.434818359521719,2.082978505354661,38.60719829339247,45.00709058688237,7102969.0,0.17546691583241542
1.5,inceptionv3,13,200.0,0.19509820009396045,3.830122470855713,1.7055669197669396,39.29062601236197,45.02908075772799,7102969.0,0.17240647338882858
1.5,inceptionv3,14,200.0,0.19328652574098862,4.230959030298086,1.2980211698091948,39.482926038595345,45.02266095234798,7102969.0,0.17156578388989646
1.5,inceptionv3,15,200.0,0.19114151315931788,4.685830207971426,0.8349178937765268,39.48385168955876,45.02549879367535,7102969.0,0.17156176163490072
1.5,inceptionv3,16,200.0,0.4739404193770679,4.890293873273409,0.6098670409275935,14.46484004534208,19.979425320258507,2621944.0,0.17286612139766983
1.5,inceptionv3,17,200.0,0.29573799347210455,5.1540135603684645,0.3639965790968675,23.245676517486572,28.783086171517006,4194808.0,0.1720956895483779
1.5,inceptionv3,18,200.0,0.30403202007748914,5.520063840425932,0.0036968267880953276,23.2483460352971,28.794735009853657,4194808.0,0.17207593124481912
1.5,inceptionv3,19,200.0,1.4434506949426138,5.477988463181716,0.002196000172541692,0.194488525390625,5.689344571186946,66036.0,0.32382079041225675
1.5,resnet50,1,200.0,0.05548605453367994,1.0103677749633788,4.594020891189575,140.29616522789001,151.17671704292297,25690617.0,0.17466433086470604
1.5,resnet50,2,200.0,0.055692774799235754,1.3868334293365479,3.994731407899123,139.89220263407782,149.9225731446193,25690617.0,0.17515192336038454
1.5,resnet50,3,200.0,0.055689342501203457,1.8405979229853704,3.445663543847891,140.41775048696078,149.4451720714569,25690617.0,0.17449414439176797
1.5,resnet50,4,200.0,0.11112861752100851,2.5117397675147424,2.8835467191842885,69.28848255597629,77.25155454415541,12845561.0,0.17682227880168874
1.5,resnet50,5,200.0,0.11105931035202626,2.808738268338717,2.642682057160598,69.55385402532724,77.16591004224924,12845561.0,0.1761455302250901
1.5,resnet50,6,200.0,0.11089950724583598,3.0745773498828592,2.3845741198613095,69.8715622975276,77.09245038032532,12845561.0,0.17534544812609976
1.5,resnet50,7,200.0,0.1108655636575546,3.3362378157102146,2.0714317651895375,70.19421115288368,76.9971669270442,12845561.0,0.17452985346701588
1.5,resnet50,8,200.0,0.21305315504602146,3.7792902176196757,1.6725804989154522,35.64317879310021,41.16345799886263,6423032.0,0.17185887120259885
1.5,resnet50,9,200.0,0.20886955158706905,3.979042548399705,1.523064558322613,35.68623795876136,41.21186107855577,6423032.0,0.17164826120035961
1.5,resnet50,10,200.0,0.20833010406547864,4.1940879088181715,1.2906870658581073,35.68567226483272,41.19268362338726,6423032.0,0.1716509827201887
1.5,resnet50,11,200.0,0.21519583889563948,4.398696532616248,1.1215021243462195,35.68674355286818,41.221828148915215,6423032.0,0.17164582930220817
1.5,resnet50,12,200.0,0.20611640562543854,4.5253194478841925,0.9103271411015437,35.6859537087954,41.131653382227974,6423032.0,0.17164962928159713
1.5,resnet50,13,200.0,0.207747787765915,4.7468731586749735,0.7292971794421856,35.686022795163666,41.171494043790375,6423032.0,0.17164929565780035
1.5,resnet50,14,200.0,0.3928220482047914,5.113417918865498,0.37578436044546276,17.76323120410626,23.25845720217778,3211768.0,0.1724337609236682
1.5,resnet50,15,200.0,0.39155390986203487,5.113112321266761,0.19462999930748573,17.761485191491936,23.07777815598708,3211768.0,0.17245070782058125
1.5,resnet50,16,200.0,0.36091865910842674,5.456821019832905,0.0037623185377854565,17.759100932341354,23.232089281082153,3211768.0,0.17247386459385977
1.5,resnet50,17,200.0,0.3856235716040992,5.490330659426176,0.003757146688608023,17.75932209308331,23.26883253684411,3211768.0,0.1724717177540307
1.5,resnet50,18,200.0,0.38470469820774195,5.499952389643743,0.003585045154278095,17.75781281177814,23.278911884014423,3211768.0,0.17248637463431413
0.095,resnet50,1,0,1.4952406382225536,0.3173941969871521,5.301955491304398,0.06323215365409851,10.051687061786652,6423081.0,101.65047854408273
0.095,resnet50,2,0,1.6820066561284863,0.9784426689147949,4.479005038738251,0.33036261796951294,9.005013644695282,25690666.0,89.96418540941441
0.095,resnet50,3,0,1.8935567297021547,1.4610600173473358,3.9429620504379272,0.317232221364975,8.060921609401703,25690666.0,92.35082780402482
0.095,resnet50,4,0,2.1314432296001,1.8757651150226593,3.4658767879009247,0.33483263850212097,7.218374967575073,25690666.0,87.61578625828012
0.095,resnet50,5,0,2.5857190417583658,2.474607437849045,2.9575709402561188,0.14619368314743042,6.10624361038208,12845610.0,93.69726107587393
0.095,resnet50,6,0,2.817237165500423,2.7054465413093567,2.659401386976242,0.1635861098766327,5.613281071186066,12845610.0,80.06345525728833
0.095,resnet50,7,0,2.5551936390576704,3.035980135202408,2.371417909860611,0.15703842043876648,5.614770144224167,12845610.0,85.13704156693504
0.095,resnet50,8,0,2.341345585418026,3.314373254776001,2.079636812210083,0.16916131973266602,5.609779715538025,12845610.0,79.93576936020989
0.095,resnet50,9,0,2.104909436997879,3.719140410423279,1.6928514540195465,0.06777986884117126,5.516033560037613,6423081.0,91.66090690392903
0.095,resnet50,10,0,1.9901301902789343,3.9430460929870605,1.500412404537201,0.06801259517669678,5.539955914020538,6423081.0,91.3271047694068
0.095,resnet50,11,0,1.8939765607069294,4.134898781776428,1.3063720166683197,0.06763356924057007,5.536508172750473,6423081.0,91.9888616724868
0.095,resnet50,12,0,1.8324279557541414,4.2943863570690155,1.1072032153606415,0.07408049702644348,5.503441244363785,6423081.0,87.71575556684773
0.095,resnet50,13,0,1.7502886682000702,4.479666173458099,0.930119514465332,0.07068488001823425,5.507703274488449,6423081.0,87.83328021375779
0.095,resnet50,14,0,1.6718967594585252,4.693481087684631,0.7357913553714752,0.06732147932052612,5.521441459655762,6423081.0,92.51759782495466
0.095,resnet50,15,0,1.560790632963296,5.054751813411713,0.3781835436820984,0.03145936131477356,5.480686187744141,3211817.0,97.38808959009522
0.095,resnet50,16,0,1.4958857271584856,5.28193199634552,0.19601818919181824,0.03127020597457886,5.525248765945435,3211817.0,98.00175152884044
0.095,resnet18,1,0,6.857650505254644,0.5370847582817078,1.1033565700054169,0.07266107201576233,2.24511057138443,6423081.0,97.85494469067095
0.095,resnet18,2,0,8.515012756149847,0.7336801886558533,0.8693214356899261,0.07993310689926147,1.8388880491256714,6423081.0,89.78320366323925
0.095,resnet18,3,0,8.433892884210387,0.8975369036197662,0.7106446325778961,0.035649269819259644,1.6651693880558014,3211817.0,90.69760035872424
0.095,resnet18,4,0,7.325442694114418,1.0304563641548157,0.5610479414463043,0.033481210470199585,1.6450165212154388,3211817.0,93.62636838448006
0.095,resnet18,5,0,6.604722097012619,1.1607694625854492,0.437103271484375,0.016232281923294067,1.6307892799377441,1606183.0,94.49428507124094
0.095,resnet18,6,0,5.91323404104695,1.2993899583816528,0.2848857641220093,0.01591813564300537,1.6168626546859741,1606183.0,96.2674163866619
0.095,resnet18,7,0,5.469023766516174,1.4199238121509552,0.16404232382774353,0.008271336555480957,1.610101968050003,803367.0,92.8778227141068
0.095,resnet18,8,0,4.944372452766219,1.5720164477825165,0.0021550357341766357,0.008419722318649292,1.5999531745910645,803367.0,91.11976570844263
0.095,mobilenetv2,1,0,4.304720306470998,0.11371183395385742,1.732283502817154,0.14915800094604492,3.4809660017490387,12845609.0,94.93079395418195
0.095,mobilenetv2,2,0,4.931793372448617,0.2901853919029236,1.5635765194892883,0.06885656714439392,3.0703282356262207,6423081.0,97.36331540581779
0.095,mobilenetv2,3,0,7.977084186705206,0.8860100507736206,0.9869243800640106,0.014288187026977539,2.0630221366882324,2409001.0,294.394436548054
0.095,mobilenetv2,4,0,7.4078969009938955,1.0358795821666718,0.7571077048778534,0.024054884910583496,1.8346689641475677,2409001.0,95.76289008816681
0.095,mobilenetv2,5,0,6.551384886103521,1.1731850504875183,0.6423865854740143,0.008698642253875732,1.8410262763500214,803367.0,88.17671128840985
0.095,mobilenetv2,6,0,6.011880732976319,1.27560156583786,0.626885861158371,0.008215546607971191,1.9297830760478973,803367.0,93.33833013329951
0.095,mobilenetv2,7,0,6.025545657367542,1.286102682352066,0.5467115640640259,0.008537977933883667,1.858261227607727,803367.0,89.87862366469642
0.095,mobilenetv2,8,0,5.892713148048855,1.3258156180381775,0.4540243148803711,0.0043821632862091064,1.8012375831604004,401958.0,88.77671551314674
0.095,mobilenetv2,9,0,5.552816002801738,1.3950527906417847,0.42021799087524414,0.0039396584033966064,1.8372565805912018,401958.0,97.47437579020624
0.095,mobilenetv2,10,0,5.333146964636789,1.447647511959076,0.40228375792503357,0.004105418920516968,1.8717066943645477,401958.0,93.75279177001036
0.095,mobilenetv2,11,0,5.434307861267685,1.4300412237644196,0.35323813557624817,0.004142254590988159,1.8050932884216309,401958.0,92.61186457542988
0.095,mobilenetv2,12,0,5.361826006080469,1.4535383880138397,0.28404873609542847,0.006206929683685303,1.7609826922416687,602662.0,92.66749590066621
0.095,mobilenetv2,13,0,4.973861063733733,1.5652796626091003,0.22343334555625916,0.006257832050323486,1.8124597072601318,602662.0,91.97735825591764
0.095,mobilenetv2,14,0,4.706892210413917,1.6486258506774902,0.1620686650276184,0.006108075380325317,1.834044635295868,602662.0,94.17677640221626
0.095,mobilenetv2,15,0,4.6751463036947305,1.6640328168869019,0.12632393836975098,0.002583235502243042,1.8116549253463745,251428.0,104.99158412992671
0.095,mobilenetv2,16,0,4.631611494044714,1.6865516901016235,0.09507930278778076,0.0024711191654205322,1.803318828344345,251428.0,97.35226683811652
0.095,mobilenetv2,17,0,4.671097242481631,1.6824012696743011,0.06243064999580383,0.002523869276046753,1.7655434608459473,251428.0,95.18293670583449
0.095,mobilenetv2,18,0,4.462519681368213,1.7499593794345856,0.025320857763290405,0.005262106657028198,1.7985854744911194,502311.0,91.2483682282517
0.095,vgg16,1,0,0.5069883795523636,0.8608357906341553,12.218883454799652,3.4894005060195923,27.94597750902176,102761001.0,36.6416561272712
0.095,vgg16,2,0,0.5030689966444407,0.9494043290615082,12.203571081161499,3.7615485787391663,28.177548825740814,102761001.0,30.64592311596813
0.095,vgg16,3,0,0.5384609743341453,2.6710073053836823,10.614614069461823,3.9900887310504913,25.628281831741333,102761001.0,25.109052235204484
0.095,vgg16,4,0,0.5276849589667985,2.762579709291458,10.290051877498627,4.569100588560104,25.70575723052025,102761001.0,21.875201115858424
0.095,vgg16,5,0,0.7724920617479208,2.902934491634369,10.09349775314331,0.3121729791164398,19.74510160088539,25690665.0,86.85918262045513
0.095,vgg16,6,0,0.763353554975274,3.701495945453644,9.35489746928215,0.9505245387554169,19.599255710840225,51380777.0,52.33137190427477
0.095,vgg16,7,0,0.773439385390231,3.729866862297058,9.284362196922302,0.8126191794872284,19.303816705942154,51380777.0,62.30063425477667
0.095,vgg16,8,0,0.8670582816073195,4.950368285179138,8.074462860822678,1.006459355354309,17.44313755631447,51380777.0,50.19552955843458
0.095,vgg16,9,0,0.8594064520287433,5.017060607671738,8.19062876701355,1.0179230272769928,17.658737540245056,51380777.0,51.173702606486486
0.095,vgg16,10,0,0.9843843163116113,5.13250070810318,7.979514896869659,0.1286712884902954,15.809179693460464,12845609.0,96.2465608342637
0.095,vgg16,11,0,1.0562451698399573,5.576233834028244,7.3009258806705475,0.27350330352783203,14.79161623120308,25690666.0,91.19016096527201
0.095,vgg16,12,0,1.0549227685865652,5.6546595096588135,7.291565507650375,0.29027149081230164,14.792096942663193,25690666.0,87.38976302020171
0.095,vgg16,13,0,1.1486575250853523,6.744809597730637,6.090887874364853,0.2738083600997925,13.17391261458397,25690666.0,90.5165413643586
0.095,vgg16,14,0,1.1402475784772412,6.788879215717316,6.084461092948914,0.30001017451286316,13.26635479927063,25690666.0,84.93057196249165
0.095,vgg16,15,0,0.9802759473108316,7.918843567371368,4.936738014221191,0.29710617661476135,13.239985644817352,25690666.0,88.1258247116117
0.095,vgg16,16,0,0.9851267769548362,7.890963762998581,4.936205297708511,0.28445202112197876,13.181844145059586,25690666.0,89.03319356315777
0.095,vgg16,17,0,0.978930708912455,8.072636306285858,4.957217454910278,0.06556820869445801,13.125137627124786,6423082.0,94.4640478055882
0.095,vgg16,18,0,0.898116870343706,8.766551285982132,4.434636265039444,0.14555510878562927,13.407180577516556,12845610.0,86.1340558122833
0.095,vgg16,19,0,0.8816795715407312,8.900158047676086,4.355038374662399,0.1315949261188507,13.42568325996399,12845610.0,93.29573648170432
0.095,vgg16,20,0,0.7835641987582257,10.074700951576233,3.099983185529709,0.13555952906608582,13.344527631998062,12845610.0,91.04675740420711
0.095,vgg16,21,0,0.7892512061893692,10.00157818198204,3.0728625655174255,0.1406038999557495,13.276103615760803,12845610.0,88.43454858143028
0.095,vgg16,22,0,0.6955833698847652,11.370557248592377,1.7779656052589417,0.13946497440338135,13.332488358020782,12845610.0,89.05418930962225
0.095,vgg16,23,0,0.703366696370564,11.229569673538208,1.7440061569213867,0.13445675373077393,13.144575089216232,12845610.0,92.86556821767073
0.095,vgg16,24,0,0.6943272164735982,11.44000717997551,1.7432615160942078,0.031711578369140625,13.232914924621582,3211817.0,96.66689532648248
0.095,vgg16,25,0,0.6860329565138696,11.621923267841339,1.4383732378482819,0.0316886305809021,13.110683530569077,3211817.0,96.8252927401815
0.095,vgg16,26,0,0.6810484560732446,11.663134127855301,1.4223982095718384,0.03371533751487732,13.136869668960571,3211817.0,92.28301697163008
0.095,vgg16,27,0,0.6720102559853808,11.828571319580078,1.104128211736679,0.03168290853500366,12.981900662183762,3211817.0,96.691123872339
0.095,vgg16,28,0,0.6639355801673221,11.953647941350937,1.1228022277355194,0.031685858964920044,13.127096772193909,3211817.0,96.73029958880942
0.095,vgg16,29,0,0.6507687195536538,12.22072085738182,0.810617595911026,0.034389108419418335,13.085605770349503,3211817.0,90.23665382452438
0.095,vgg16,30,0,0.6547791429376469,12.150987684726715,0.8077150583267212,0.031506359577178955,13.011650949716568,3211817.0,97.32628373843674
0.095,inceptionv3,1,0.094,1.4432952548299087,0.22015896439552307,5.312234342098236,0.2496858835220337,10.294233471155167,22734328.0,95.45637600753297
0.095,inceptionv3,2,0.094,1.510461867425228,0.5006060302257538,5.078705847263336,0.21453067660331726,9.865736305713654,22128120.0,100.14886820995089
0.095,inceptionv3,3,0.094,1.4736923379368847,1.077619582414627,4.477606445550919,0.8063145279884338,9.890395104885101,44255736.0,53.960203393872995
0.095,inceptionv3,4,0.094,1.7724044857514707,1.1818638145923615,4.408743768930435,0.11157059669494629,8.5633704662323,10914296.0,95.17714131923913
0.095,inceptionv3,5,0.094,1.812241168157787,1.304496020078659,4.293779015541077,0.12854039669036865,8.391938120126724,13642744.0,101.60270458086724
0.095,inceptionv3,6,0.094,1.9678150704252375,1.742505669593811,3.731861174106598,0.3548644483089447,7.724475085735321,30972408.0,90.28604846724306
0.095,inceptionv3,7,0.094,2.128853190027914,1.8915959596633911,3.6873823702335358,0.06607568264007568,7.272771656513214,7526904.0,109.16200601140284
0.095,inceptionv3,8,0.094,2.2860844936376554,2.234596222639084,3.408075511455536,0.09437969326972961,6.858996570110321,10035705.0,102.18384736568649
0.095,inceptionv3,9,0.094,1.9063086496981911,2.7802152037620544,3.9590155482292175,0.10739824175834656,7.782118320465088,11290105.0,103.02649794764675
0.095,inceptionv3,10,0.094,2.7385054219442733,2.7716133892536163,2.734681010246277,0.118043452501297,5.657863289117813,11290105.0,91.8536634517798
0.095,inceptionv3,11,0.094,2.4779306466020428,3.2070730924606323,2.4154674410820007,0.06963780522346497,5.7105298936367035,7102969.0,97.27994651416051
0.095,inceptionv3,12,0.094,2.2418247151927213,3.547743022441864,2.1109644770622253,0.07559400796890259,5.751136749982834,7102969.0,90.6808922524809
0.095,inceptionv3,13,0.094,2.0411715578444016,3.903813123703003,1.712902992963791,0.07003378868103027,5.70359805226326,7102969.0,96.87885815727992
0.095,inceptionv3,14,0.094,1.8777346039804395,4.222125291824341,1.3206451535224915,0.07030653953552246,5.628926873207092,7102969.0,96.37121955076319
0.095,inceptionv3,15,0.094,1.6945448109087637,4.702841699123383,0.8604111671447754,0.06972852349281311,5.649615317583084,7102969.0,97.1623624534976
0.095,inceptionv3,16,0.094,1.6144320467873123,4.9711902141571045,0.6399978399276733,0.025848478078842163,5.646792382001877,2621944.0,96.78943935484565
0.095,inceptionv3,17,0.094,1.550404426195236,5.181504637002945,0.38522374629974365,0.04110676050186157,5.620239615440369,4194808.0,97.37101993347619
0.095,inceptionv3,18,0.094,1.4335077896814241,5.564310789108276,0.003094792366027832,0.041108548641204834,5.615694344043732,4194808.0,97.3690915951808
0.095,inceptionv3,19,0.094,1.4429743129207133,5.5302837789058685,0.0030774176120758057,0.0006498992443084717,5.528902143239975,66036.0,97.97217062905663
0.095,alexnet,1,0,10.076236988045373,0.08748728036880493,0.7348698079586029,0.05780169367790222,1.4612202644348145,6195753.0,105.43937640479548
0.095,alexnet,2,0,10.284429438210237,0.09164440631866455,0.7246290147304535,0.05105504393577576,1.6440156698226929,6195753.0,126.38772116743608
0.095,alexnet,3,0,11.156086930274618,0.09854656457901001,0.7090839445590973,0.005454987287521362,2.3449887335300446,1493543.0,418.6465616004492
0.095,alexnet,4,0,12.248538491547539,0.19956597685813904,0.6139797270298004,0.03276008367538452,1.4675838649272919,4479529.0,152.0993923486398
0.095,alexnet,5,0,12.29023412040442,0.20495161414146423,0.6125176846981049,0.03496637940406799,1.467947244644165,4479529.0,135.80892695332227
0.095,alexnet,6,0,13.173292880373248,0.2048616111278534,0.6005054414272308,0.0035051703453063965,2.0828830301761627,1038886.0,433.07299992254116
0.095,alexnet,7,0,14.468657026440297,0.26563337445259094,0.5410843789577484,0.008383691310882568,1.2782156467437744,2077223.0,353.9469235237864
0.095,alexnet,8,0,14.24455023095441,0.2680457532405853,0.5497943758964539,0.0070002079010009766,1.5299526154994965,2077223.0,422.2168726839858
0.095,alexnet,9,0,17.10506885473878,0.3570094406604767,0.45064404606819153,0.010914504528045654,0.8841139376163483,1384999.0,122.72844684587398
0.095,alexnet,10,0,17.477828487501004,0.3563802242279053,0.4419606924057007,0.011478185653686523,0.8690450191497803,1384999.0,119.93156439123749
0.095,alexnet,11,0,17.39082260497957,0.4093360900878906,0.38257959485054016,0.014523297548294067,0.8207391500473022,1384999.0,91.45807091266157
0.095,alexnet,12,0,17.079877529784035,0.4130738079547882,0.38512277603149414,0.01477089524269104,0.8278616964817047,1384999.0,90.6425244897349
5.0,inceptionv3,1,200.0,0.21037982954690235,0.20392091457660383,0.12326699036818284,37.90880052859966,39.04089676416837,22734328.0,0.5719294812999528
5.0,inceptionv3,2,200.0,0.21613271976860723,0.45787383959843564,0.11263885864844689,36.90221337171701,37.82270730458773,22128120.0,0.5718635104369164
5.0,inceptionv3,3,200.0,0.10771979207460661,1.0457295087667613,0.09540809117830716,74.00783337079562,75.37248776509212,44255736.0,0.5702850263066779
5.0,inceptionv3,4,200.0,0.43431044778313993,1.0846286003406231,0.09946874471811148,18.188802554057194,19.43570514825674,10914296.0,0.57225899825609
5.0,inceptionv3,5,200.0,0.3459314960638891,1.2435266788189228,0.09602876809927133,22.772448209615852,24.12420419546274,13642744.0,0.5713366634392879
5.0,inceptionv3,6,200.0,0.15124726059767812,1.7494266033172607,0.07784911302419809,51.772021972216095,53.72825382306026,30972408.0,0.5705319086166312
5.0,inceptionv3,7,200.0,0.5894966356507901,1.7845268432910626,0.0821542556469257,12.540243423902071,14.41544015590961,7526904.0,0.5724143293954672
5.0,inceptionv3,8,200.0,0.448494985810016,2.1226407381204457,0.07560104590195876,16.738146231724667,18.954113501768845,10035705.0,0.5717953462018952
5.0,inceptionv3,9,200.0,0.39318949465075564,2.4403049762432394,0.062192054895254284,18.836295678065373,21.354527106651894,11290105.0,0.5716136207212542
5.0,inceptionv3,10,200.0,0.3867883166260721,2.7796673591320333,0.06322831373948318,18.83686351776123,21.697704296845657,11290105.0,0.5715963941737476
5.0,inceptionv3,11,200.0,0.5699840995016283,3.0855941955859842,0.04710918206434984,11.831407730395977,14.976988462301401,7102969.0,0.5725370361509918
5.0,inceptionv3,12,200.0,0.5562206284521762,3.4099633326897254,0.04769580180828388,11.831044820638803,15.301259701068584,7102969.0,0.5725545978679327
5.0,inceptionv3,13,200.0,0.5431484809239135,3.8145318031311035,0.0370787473825308,11.830851719929623,15.692675242057213,7102969.0,0.5725639427802183
5.0,inceptionv3,14,200.0,0.5293934260850454,4.185592064490685,0.030798600270197943,11.831135786496676,16.05563077559838,7102969.0,0.5725501961035906
5.0,inceptionv3,15,200.0,0.5109733550472978,4.666799196830163,0.019950078083918646,11.831265669602613,16.52806436098539,7102969.0,0.5725439104971338
5.0,inceptionv3,16,200.0,0.9499902026620617,4.887450658358061,0.0149232240823599,4.334508382357084,9.240059870939989,2621944.0,0.5768775703999783
5.0,inceptionv3,17,200.0,0.712121343611897,5.113381862640381,0.009476019785954403,6.9659432264474725,12.09351161810068,4194808.0,0.5742913104179569
5.0,inceptionv3,18,200.0,0.6882763774989793,5.502362783138569,0.0005707740783691406,6.965650815230149,12.47363204222459,4194808.0,0.5743154174423617
5.0,inceptionv3,19,200.0,1.427438141137643,5.537975824796236,0.0003386094019963191,0.05825352668762207,5.596140146255493,66036.0,1.0811059288406621
5.0,resnet50,1,200.0,0.18610353860806833,0.9991188232715313,0.06461787223815918,42.913739057687614,44.11639639047476,25690617.0,0.5709240253099674
5.0,resnet50,2,200.0,0.18444408302882012,1.4532313163463886,0.0647279482621413,42.930612288988556,44.52546194883493,25690617.0,0.5706995622335593
5.0,resnet50,3,200.0,0.1827552241489646,1.867143410902757,0.04378694754380446,42.93540837214543,44.920656571021446,25690617.0,0.5706358178378887
5.0,resnet50,4,200.0,0.34825346723240713,2.4692545854128323,0.04235256635225736,21.441124952756443,23.982130179038414,12845561.0,0.5713544265070042
5.0,resnet50,5,200.0,0.3441979606950545,2.726281918012179,0.04235407022329477,21.442881382428684,24.23099868114178,12845561.0,0.5713076306770196
5.0,resnet50,6,200.0,0.34029882401981043,2.971424707999596,0.03447750898507925,21.439979223104622,24.46768564444322,12845561.0,0.5713849601440563
5.0,resnet50,7,200.0,0.33694157966730653,3.248810548048753,0.034769645104041465,21.439742216697105,24.75000682243934,12845561.0,0.5713912791779803
5.0,resnet50,8,200.0,0.5881833618828497,3.709433592282809,0.03190288176903358,10.693540499760555,14.450713322712826,6423032.0,0.5728206352623751
5.0,resnet50,9,200.0,0.5910966417486769,3.917566867975088,0.027563131772554837,10.693607770479643,14.650488468316885,6423032.0,0.5728170335613543
5.0,resnet50,10,200.0,0.5818416855063004,4.12135256253756,0.023970548923198994,10.693312846697294,14.846292367348305,6423032.0,0.5728328293636044
5.0,resnet50,11,200.0,0.5758559226138823,4.267509680527907,0.021597568805401143,10.694132713171152,14.990014644769522,6423032.0,0.5727889168787731
5.0,resnet50,12,200.0,0.5670584771990554,4.489669928183923,0.019379450724675104,10.6938612644489,15.209286506359394,6423032.0,0.5728034553426662
5.0,resnet50,13,200.0,0.5586163873644506,4.680390412990864,0.013967569057758037,10.693571347456713,15.392180039332462,6423032.0,0.5728189825860979
5.0,resnet50,14,200.0,0.8497338276524325,5.0633111366858845,0.007981520432692308,5.321223919208233,10.391696691513062,3211768.0,0.5756158175416587
5.0,resnet50,15,200.0,0.8342443818384306,5.234207905255831,0.005254855522742638,5.321097630720872,10.55922555923462,3211768.0,0.5756294790213851
5.0,resnet50,16,200.0,0.8157872220723399,5.43004556802603,0.0004999637603759766,5.3211600963885965,10.749823515231792,3211768.0,0.57562272134378
5.0,resnet50,17,200.0,0.8215691921346817,5.346611077968891,0.0005027147439809946,5.321272061421321,10.666847980939425,3211768.0,0.5756106094876648
5.0,resnet50,18,200.0,0.8166170514972569,5.440581835233248,0.0008242863875169021,5.321092678950383,10.76316316311176,3211768.0,0.5756300148967886
5.0,mobilenetv2,1,200.0,0.3672410669973198,0.14145693182945251,1.8719628751277924,20.11163619160652,23.91975563764572,12845560.0,0.6098674883098776
5.0,mobilenetv2,2,200.0,0.7348575683732897,0.29552745819091797,1.5514812171459198,9.512577086687088,13.11347284913063,6423032.0,0.6459932990107009
5.0,mobilenetv2,3,200.0,1.8892509329664067,0.8785482048988342,0.9889761209487915,3.338509440422058,5.994526028633118,2408952.0,0.6937626132239979
5.0,mobilenetv2,4,200.0,1.900004665863051,1.0602183043956757,0.7450718581676483,3.5310328602790833,5.806774437427521,2408952.0,0.6533311474633645
5.0,mobilenetv2,5,200.0,4.188493288302234,1.1934727132320404,0.6844761669635773,1.229958415031433,3.171973615884781,803318.0,0.624277687740921
5.0,mobilenetv2,6,200.0,4.198553085671024,1.2591328024864197,0.5715750157833099,1.267986238002777,3.1147839725017548,803318.0,0.6056302985804709
5.0,mobilenetv2,7,200.0,4.0298937615996415,1.2927446067333221,0.490753173828125,1.2920847237110138,3.067457467317581,803318.0,0.5929206853384559
5.0,mobilenetv2,8,200.0,5.820659877264606,1.3385035693645477,0.4580329954624176,0.6203390061855316,2.4102706015110016,401909.0,0.6178723104737076
5.0,mobilenetv2,9,200.0,5.474017326932558,1.4058091640472412,0.4177934527397156,0.6202625632286072,2.4430727064609528,401909.0,0.6179484788669016
5.0,mobilenetv2,10,200.0,5.463792344787614,1.4093062281608582,0.3981375992298126,0.6202728450298309,2.428231567144394,401909.0,0.6179382191877728
5.0,mobilenetv2,11,200.0,5.271609211172253,1.4754487574100494,0.35230758786201477,0.6201548874378204,2.4508131444454193,401909.0,0.6180558607133744
5.0,mobilenetv2,12,200.0,4.332107328450229,1.4865483343601227,0.2981705367565155,0.9561708569526672,2.7444557547569275,602613.0,0.6010396049125053
5.0,mobilenetv2,13,200.0,4.1920604242325945,1.5419234037399292,0.2371901273727417,0.9562425911426544,2.7393935918807983,602613.0,0.600994529383744
5.0,mobilenetv2,14,200.0,4.190473159233682,1.564132809638977,0.16499090194702148,0.9563127756118774,2.6898225247859955,602613.0,0.6009504076337697
5.0,mobilenetv2,15,200.0,4.93503110717995,1.583404690027237,0.12713170051574707,0.3683781623840332,2.083063781261444,251379.0,0.6507818526363338
5.0,mobilenetv2,16,200.0,4.58991984676363,1.695929080247879,0.09542736411094666,0.36822330951690674,2.1642112731933594,251379.0,0.6510554902882376
5.0,mobilenetv2,17,200.0,4.625878197620917,1.6861388087272644,0.06481397151947021,0.36823615431785583,2.124027669429779,251379.0,0.651032777609311
5.0,mobilenetv2,18,200.0,4.614147687560465,1.6974557042121887,0.027964860200881958,0.7880721688270569,2.5194168388843536,502262.0,0.6078052676479391
5.0,inceptionv3,1,200.0,0.20791910038098432,0.20418471556443435,5.305448440405039,33.51815992135268,44.48389156048115,22734328.0,0.6486886640015963
5.0,inceptionv3,2,200.0,0.21381431599130044,0.4601970085730919,5.110958044345562,32.64693113473746,43.2415574147151,22128120.0,0.6482085571337172
5.0,inceptionv3,3,200.0,0.10678216485054597,1.103182866023137,4.484780054826003,70.54081071340121,80.41990436040439,44255736.0,0.5985643779403723
5.0,inceptionv3,4,200.0,0.4227103403064493,1.1007179663731501,4.4312403202056885,14.777368160394522,24.08385837995089,10914296.0,0.7098328580468312
5.0,inceptionv3,5,200.0,0.3390998845850057,1.2286032896775465,4.331713584753183,19.524715405244095,28.654594146288357,13642744.0,0.6690792304187831
5.0,inceptionv3,6,200.0,0.15037227273764678,1.7698042025932899,3.742610894716703,49.5885853767395,57.684672355651855,30972408.0,0.5958426120318496
5.0,inceptionv3,7,200.0,0.5806782056971606,1.780479541191688,3.7099473109612098,10.252421745887169,18.225984830122727,7526904.0,0.7050216611879083
5.0,inceptionv3,8,200.0,0.4437696769145234,2.1100491743821363,3.4344801352574277,14.753412613501915,22.427177135760967,10035705.0,0.6502551689710121
5.0,inceptionv3,9,200.0,0.38581283530771243,2.403287117297833,3.078306638277494,17.73971625474783,24.416568169227013,11290105.0,0.6072514889676061
5.0,inceptionv3,10,200.0,0.38450246374319885,2.759060346163236,2.777425142434927,18.08270265505864,24.420457638227024,11290105.0,0.5955955089772271
5.0,inceptionv3,11,200.0,0.5605243091651682,3.057888526182908,2.426408052444458,11.811162581810585,17.313014910771297,7102969.0,0.5735217310701134
5.0,inceptionv3,12,200.0,0.5496674472032859,3.3971669307121863,2.110810188146738,11.834680190453163,17.335766553878784,7102969.0,0.5723787269901666
5.0,inceptionv3,13,200.0,0.5348726875450727,3.775908745252169,1.7157881259918213,11.834961616075956,17.32126969557542,7102969.0,0.5723651161490126
5.0,inceptionv3,14,200.0,0.5219518725471972,4.151830691557664,1.3108040736271784,11.835104593863853,17.29660654067993,7102969.0,0.5723582022264452
5.0,inceptionv3,15,200.0,0.5072190838635121,4.585656661253709,0.8592555522918701,11.83495701276339,17.283687536533062,7102969.0,0.5723653393774367
5.0,inceptionv3,16,200.0,0.9444319183142864,4.825509676566491,0.6386008812830999,4.335478470875667,9.799476495155922,2621944.0,0.5767484891154623
5.0,inceptionv3,17,200.0,0.7022904765067999,5.102994643724882,0.3893378514509935,6.967411958254301,12.464291590910692,4194808.0,0.5741702513722371
5.0,inceptionv3,18,200.0,0.6793362450963434,5.494552814043486,0.0037134610689603365,6.967368712792029,12.47185151393597,4194808.0,0.5741738127673004
5.0,inceptionv3,19,200.0,1.4594761941669456,5.413100389333872,0.002515077590942383,0.05815894787128155,5.473800824238704,66036.0,1.0828523500862837
5.0,vgg16,1,200.0,0.04449122779541856,0.8587072995992807,12.702102532753578,167.09008194850043,193.46803065446707,102760952.0,0.5865993627419626
5.0,vgg16,2,0.094,0.04461676472972462,0.9547913257892315,12.231213496281551,167.08825061871454,192.73338840557977,102760952.0,0.586604209832873
5.0,vgg16,3,0.094,0.04500943050218014,2.6555137084080624,10.639467752896822,167.07650643128616,189.6682878274184,102760952.0,0.5866473874899176
5.0,vgg16,4,0.094,0.04506998417846863,2.752093846981342,10.42056888800401,167.05671983498794,189.22151191417987,102760952.0,0.5867108285116931
5.0,vgg16,5,200.0,0.1681354546202973,2.888314889027522,10.176050607974712,37.82268450810359,58.37105991290166,25690616.0,0.6494944723936295
5.0,vgg16,6,200.0,0.08825397314469909,3.6892980428842397,9.885777675188505,80.94748014670152,101.3514254459968,51380728.0,0.605730541363316
5.0,vgg16,7,200.0,0.08855092093032241,3.741176421825702,9.694347363251905,80.89377938784085,100.9794119137984,51380728.0,0.6061208951739812
5.0,vgg16,8,200.0,0.08829425291097107,4.966356369165274,8.032085547080406,82.67850393515367,99.66031285432669,51380728.0,0.592821927736702
5.0,vgg16,9,200.0,0.0883029619636327,5.016189868633564,8.005411569888775,82.74988381679242,99.52227071615366,51380728.0,0.5922736326577559
5.0,vgg16,10,200.0,0.30700505207300516,5.1128880977630615,8.144124599603506,18.166496130136345,35.01188703683707,12845560.0,0.6775827397337097
5.0,vgg16,11,200.0,0.16582149268482468,5.7012051068819485,7.578714645825899,40.81612951938923,56.52230972510118,25690617.0,0.6005178340304675
5.0,vgg16,12,200.0,0.16637093346320186,5.604904303183923,7.735084441991953,40.513562844349785,56.576610620205216,25690617.0,0.6051172513569447
5.0,vgg16,13,200.0,0.16314292049173826,6.747759085435134,6.34543593113239,42.645587095847496,56.10539458348201,25690617.0,0.5745213186589886
5.0,vgg16,14,200.0,0.1637027707036919,6.663008194703322,6.206025123596191,42.6579666687892,55.89768345539387,25690617.0,0.5743543817652418
5.0,vgg16,15,200.0,0.15956705027488258,7.8742960416353664,5.0409674277672405,42.95672783484826,55.963362858845635,25690617.0,0.5703526983432681
5.0,vgg16,16,200.0,0.15981496541400497,7.817526982380794,5.042860544644869,42.95012393364539,55.88108944892883,25690617.0,0.570440361023169
5.0,vgg16,17,200.0,0.43785416007412203,8.104231485953697,5.015653536869929,10.696269438816952,23.841181168189415,6423033.0,0.5726745829803822
5.0,vgg16,18,200.0,0.2708713152397107,8.868022790321938,4.447486895781297,21.456610844685482,34.82384833922753,12845561.0,0.5709422498970111
5.0,vgg16,19,200.0,0.2731413224421693,8.627396271778988,4.342428207397461,21.449859032264122,34.46720576286316,12845561.0,0.5711218431013074
5.0,vgg16,20,200.0,0.2621882932640978,9.856787388141338,3.0020980468163123,21.448636806928196,34.35253568796011,12845561.0,0.5711543370617385
5.0,vgg16,21,200.0,0.26169411544453397,9.908435894892765,3.071503309103159,21.446048443134014,34.46775003579947,12845561.0,0.5712232624450078
5.0,vgg16,22,200.0,0.2514887488433561,11.151633501052856,1.7654070670788105,21.445895470105686,34.39935722717872,12845561.0,0.5712273330147419
5.0,vgg16,23,200.0,0.2511472004965187,11.159214716691237,1.757381402529203,21.451380289517918,34.408899985826935,12845561.0,0.5710813744440641
5.0,vgg16,24,200.0,0.5037594905038446,11.239215704110952,1.7070879569420447,5.322806890194233,18.291219601264366,3211768.0,0.5754446380304414
5.0,vgg16,25,200.0,0.49348634549950926,11.553621805631197,1.4377750616807203,5.322964649934035,18.33340650338393,3211768.0,0.575427589151607
5.0,vgg16,26,200.0,0.4850473942307198,11.867558809427114,1.433242944570688,5.32257786163917,18.645796665778526,3211768.0,0.5754693957203677
5.0,vgg16,27,200.0,0.48360179860830005,11.878604338719295,1.1161345151754527,5.32274158184345,18.338555354338425,3211768.0,0.5754517012575598
5.0,vgg16,28,200.0,0.4758244945776999,12.066617158743052,1.1244342693915734,5.3230638687427225,18.53578653702369,3211768.0,0.5754168596671134
5.0,vgg16,29,200.0,0.4723391478673125,12.290069983555721,0.8070037548358624,5.322687735924354,18.44225124212412,3211768.0,0.5754575243922868
5.0,vgg16,30,200.0,0.4721402224711592,12.317518876149105,0.8138379867260273,5.322765717139611,18.473387956619263,3211768.0,0.5754491244108317
5.0,resnet18,1,200.0,0.7412781368380115,0.5224216534541204,1.0702969844524677,9.78698413188641,12.535334862195528,6423032.0,0.6264190789279049
5.0,resnet18,2,200.0,0.7409806465740288,0.7184039446023794,0.8438610480381892,10.003153287447416,12.50795628474309,6423032.0,0.6127475371089403
5.0,resnet18,3,200.0,1.485810556810677,0.8965812279627874,0.6990846853989822,4.730324891897348,7.122955138866718,3211768.0,0.6483056394552278
5.0,resnet18,4,200.0,1.4355057995437406,1.037765778028048,0.5501140631162204,5.041173439759475,6.933810179050152,3211768.0,0.6083365580904054
5.0,resnet18,5,200.0,2.5637481391961416,1.1520801507509673,0.42009480182941145,2.6357019497798038,4.214589210656973,1606134.0,0.5811464254125506
5.0,resnet18,6,200.0,2.4197198353764606,1.286669951218825,0.2800997770749606,2.6356857923360972,4.208939130489643,1606134.0,0.5811499805995926
5.0,resnet18,7,200.0,3.7934250726654435,1.4244189812586858,0.15702225611760065,1.292097623531635,2.878779704754169,803318.0,0.5929147755943933
5.0,resnet18,8,200.0,3.5409074954487405,1.5755146283369799,0.0026293167701134314,1.2920766060168927,2.875952665622418,803318.0,0.5929244085093293
5.0,vgg16,1,200.0,0.04643781665800143,0.8587722778320312,0.23432252957270697,171.9173408838419,173.5236769272731,102760952.0,0.5700441882432795
5.0,vgg16,2,200.0,0.04641568958700851,0.949754549906804,0.2168438984797551,171.9221291908851,173.60078635582556,102760952.0,0.5700283116945681
5.0,vgg16,3,200.0,0.045963669790598904,2.672479409437913,0.1878046439244197,171.92239102950464,175.3124226606809,102760952.0,0.570027444152585
5.0,vgg16,4,200.0,0.0459418065642565,2.7581755748161902,0.17125830283531776,171.92337142504178,175.3771903698261,102760952.0,0.570024192895669
5.0,vgg16,5,200.0,0.17843384205581211,2.8836665520301232,0.17038345336914062,42.93388098936815,46.11060333251953,25690616.0,0.5706560990234029
5.0,vgg16,6,200.0,0.09003438908354074,3.704284484569843,0.13951712388258714,85.93183192839989,89.94980410429147,51380728.0,0.5702250242233594
5.0,vgg16,7,200.0,0.08987355375776652,3.735626770899846,0.14896603731008676,85.93476332150973,90.09038998530461,51380728.0,0.5702055717350587
5.0,vgg16,8,200.0,0.08877307949037079,4.965688595404992,0.1258833775153527,85.9332210467412,91.2009634421422,51380728.0,0.5702158058721432
5.0,vgg16,9,200.0,0.08861963897290316,4.995901089448195,0.1261924780332125,85.93318763146034,91.22012140200688,51380728.0,0.5702160276625361
5.0,vgg16,10,200.0,0.3129578577475682,5.075977930655847,0.12240474040691669,21.441751865240242,26.656484787280743,12845560.0,0.5713376985454917
5.0,vgg16,11,200.0,0.1680084533891635,5.705536824006301,0.10356833384587215,42.93475576547476,48.81651970056387,25690617.0,0.5706445019007478
5.0,vgg16,12,200.0,0.16772639822836738,5.714367866516113,0.11221190599294809,42.935054540634155,48.84250431794386,25690617.0,0.5706405217841719
5.0,vgg16,13,200.0,0.16452860099944297,6.76367921095628,0.0995470193716196,42.934319514494675,49.83676417057331,25690617.0,0.5706502911413488
5.0,vgg16,14,200.0,0.16439067806868127,6.73406012241657,0.09531147663409893,42.93235318477337,49.80693837312552,25690617.0,0.5706764300392211
5.0,vgg16,15,200.0,0.1605545655105689,7.853297692078811,0.07261808101947491,42.93631984637334,50.910217450215264,25690617.0,0.5706237185944576
5.0,vgg16,16,200.0,0.16083111706624417,7.819349490679228,0.08609459950373723,42.92984168346111,50.886930832496056,25690617.0,0.5707098076077994
5.0,vgg16,17,200.0,0.4480837217688079,8.210387596717247,0.07832992993868314,10.693393762295063,19.000278747998752,6423033.0,0.5728285842174178
5.0,vgg16,18,200.0,0.2743507622314542,8.643385153550367,0.06611526929415189,21.43991787617023,30.191415841762836,12845561.0,0.5713865977142101
5.0,vgg16,19,200.0,0.27116835613509277,8.93484689639165,0.06641774911146897,21.43923513705914,30.47168102631202,12845561.0,0.5714047893279186
5.0,vgg16,20,200.0,0.26193439245940087,10.00066456427941,0.054625932986919694,21.439466568139885,31.516865271788376,12845561.0,0.5713986247464293
5.0,vgg16,21,200.0,0.263299829167465,9.854920589006865,0.05623546013465294,21.439710800464336,31.38517664029048,12845561.0,0.5713921169136758
5.0,vgg16,22,200.0,0.25082316049971,11.427801865797777,0.03145634211026705,21.44077853056101,32.921246143487785,12845561.0,0.5713636607547911
5.0,vgg16,23,200.0,0.2510910983391343,11.350702102367695,0.032597981966458835,21.439422662441547,32.844122684918915,12845561.0,0.5713997925488921
5.0,vgg16,24,200.0,0.5054537989707548,11.462537178626427,0.03292373510507437,5.3212303931896505,16.8290226826301,3211768.0,0.5756151181246987
5.0,vgg16,25,200.0,0.5047380596027293,11.500431739366972,0.027021408081054688,5.321070285943838,16.857404928940994,3211768.0,0.5756324371910784
5.0,vgg16,26,200.0,0.49569526200721514,11.763543954262367,0.028193180377666768,5.321231897060688,17.130029843403744,3211768.0,0.575614954637492
5.0,vgg16,27,200.0,0.4888631255870272,11.99466848373413,0.02620673179626465,5.321192044478196,17.366575974684494,3211768.0,0.5756192671065631
5.0,vgg16,28,200.0,0.489751268554615,11.966672585560726,0.02550673484802246,5.321098804473877,17.326511988273033,3211768.0,0.5756293519650145
5.0,vgg16,29,200.0,0.481283790555375,12.258124131422777,0.014647483825683594,5.321135062437791,17.605358820695145,3211768.0,0.5756254303978365
5.0,vgg16,30,200.0,0.48467740637904594,12.153356295365553,0.01936474213233361,5.321150339566744,17.492410311332115,3211768.0,0.5756237795807684
5.0,alexnet,1,0.094,10.325499489683931,0.09967002272605896,0.7274995446205139,0.04928719997406006,1.6390441358089447,6195704.0,123.28384900173371
5.0,alexnet,2,0.094,10.478132948315968,0.09931239485740662,0.717684268951416,0.04871135950088501,1.7010928988456726,6195704.0,133.84030460216695
5.0,alexnet,3,0.094,10.920358583065473,0.12259677052497864,0.7281188368797302,0.004641860723495483,2.098179280757904,1493494.0,422.5120690099503
5.0,alexnet,4,0.094,12.546614197034614,0.2447124719619751,0.6079468429088593,0.027988731861114502,1.3181292116641998,4479480.0,174.92618557726246
5.0,alexnet,5,0.094,12.697432181503725,0.25110775232315063,0.6050550043582916,0.026838690042495728,1.3703106343746185,4479480.0,176.16818971763584
5.0,alexnet,6,0.094,13.616460958788762,0.25399303436279297,0.588007390499115,0.003447204828262329,1.6238403916358948,1038837.0,438.25763560837413
5.0,alexnet,7,0.094,14.842735745414826,0.3191896677017212,0.5282841920852661,0.010386884212493896,1.1258924007415771,2077174.0,287.29641958438526
5.0,alexnet,8,0.094,14.89516130055093,0.3197806477546692,0.5256024897098541,0.010568827390670776,1.1535206735134125,2077174.0,300.3314609605487
5.0,alexnet,9,0.094,15.81497955097316,0.4288851320743561,0.43474555015563965,0.014451771974563599,0.9143518209457397,1384950.0,91.69164507208717
5.0,alexnet,10,0.094,16.164426071437397,0.4187037944793701,0.43905511498451233,0.013041555881500244,0.9080362617969513,1384950.0,102.84012510668066
5.0,alexnet,11,0.094,15.748513006379232,0.4796695411205292,0.37570348381996155,0.013595938682556152,0.875449150800705,1384950.0,97.230148591426
5.0,alexnet,12,0.094,15.05397172713898,0.4929848909378052,0.37302303314208984,0.01567929983139038,0.8883779346942902,1384950.0,87.44386994436437
5.0,resnet50,1,200.0,0.1833937081992726,0.9928286809187669,4.394480613561777,39.49199410585257,48.74167823791504,25690617.0,0.6210488371173368
5.0,resnet50,2,200.0,0.18229259978976453,1.3714700662172759,3.9096855383652906,40.1737240094405,48.572757922686066,25690617.0,0.610346018524323
5.0,resnet50,3,200.0,0.1804881075147872,1.8623007260836089,3.4641719231238732,40.98480532719539,48.541937387906586,25690617.0,0.5980048562617549
5.0,resnet50,4,200.0,0.34654132404964627,2.485804631159856,2.926207799177903,20.247026736919697,26.930371101085957,12845561.0,0.605309210762525
5.0,resnet50,5,200.0,0.3437160637223083,2.765696672292856,2.636540229503925,20.690725179818962,26.882194390663734,12845561.0,0.5921519570315901
5.0,resnet50,6,200.0,0.33984225343646923,3.0039461942819448,2.3482404121985803,21.19327682715196,26.835928238355198,12845561.0,0.5780612920680094
5.0,resnet50,7,200.0,0.334698964688738,3.243029832839966,2.085279097923866,21.454168191322914,26.814994775331936,12845561.0,0.5710071987700602
5.0,resnet50,8,200.0,0.5782489861881169,3.6799812683692346,1.72237229347229,10.69592050405649,16.108562872960018,6423032.0,0.572693176601653
5.0,resnet50,9,200.0,0.5686723890403917,3.8890876036423903,1.5125422844519982,10.695996669622568,16.105909695992104,6423032.0,0.5726890975344535
5.0,resnet50,10,200.0,0.5735953529425598,4.059245549715483,1.318956760259775,10.697278444583599,16.083122620215782,6423032.0,0.5726205296667124
5.0,resnet50,11,200.0,0.5558941578217022,4.25470676788917,1.138481928752019,10.695979301746075,16.09824486879202,6423032.0,0.5726900253590528
5.0,resnet50,12,200.0,0.5461386415330746,4.496952753800612,0.9518443437723013,10.695883329098042,16.151589833773098,6423032.0,0.5726951642164656
5.0,resnet50,13,200.0,0.5411268625080838,4.606693249482375,0.7944039564866286,10.696030836838942,16.114177612157967,6423032.0,0.572687266801667
5.0,resnet50,14,200.0,0.8271503635841991,5.008591706936176,0.3913425665635329,5.322801333207351,10.734047247813297,3211768.0,0.5754452409796188
5.0,resnet50,15,200.0,0.8128466751543352,5.1824936133164625,0.19644581354581392,5.322798930681669,10.712930477582491,3211768.0,0.5754455001081911
5.0,resnet50,16,200.0,0.8100149411118764,5.252910614013672,0.0032968887915978064,5.322622629312368,10.590150117874146,3211768.0,0.5754645570020979
5.0,resnet50,17,200.0,0.7964548271029419,5.42429546209482,0.0035012135138878455,5.322509032029372,10.760718565720778,3211768.0,0.5754768372767308
5.0,resnet50,18,200.0,0.7988433022974633,5.409595159383921,0.0031785047971285307,5.322839333460881,10.74586138358483,3211768.0,0.5754411312346039
5.0,alexnet,1,200.0,0.7719642204995665,0.08532094955444336,0.018880477318396933,10.34179217998798,11.297785667272715,6195704.0,0.5713408556249934
5.0,alexnet,2,200.0,0.7718892699599943,0.08939036956200233,0.019828649667593148,10.341313893978413,11.301648396712084,6195704.0,0.5713670718675136
5.0,alexnet,3,200.0,3.2025760772632292,0.09743098112253043,0.0168606684758113,2.478431830039391,2.800239691367516,1493494.0,0.5746874161783666
5.0,alexnet,4,200.0,1.0676882593430204,0.19771669461176947,0.014781860204843374,7.4752561679253215,8.40828250004695,4479480.0,0.5714814774963493
5.0,alexnet,5,200.0,1.0676148705142812,0.20041201664851263,0.014708372262807993,7.475266199845534,8.418264682476337,4479480.0,0.5714809713270612
5.0,alexnet,6,200.0,4.60409739588296,0.2030160243694599,0.014703200413630558,1.7198096972245436,2.64651082112239,1038837.0,0.576083732273415
5.0,alexnet,7,200.0,2.3029432485833277,0.2615782847771278,0.013654635502741886,3.457548031440148,4.391392634465144,2077174.0,0.5729381803841355
5.0,alexnet,8,200.0,2.3028039683635613,0.2630098049457257,0.011795722521268405,3.459380131501418,4.389669968531682,2077174.0,0.5726350067132623
5.0,alexnet,9,200.0,3.4538988904721695,0.35590166311997634,0.012110435045682467,2.3012164739462047,3.1884876031142015,1384950.0,0.5739658394310376
5.0,alexnet,10,200.0,3.4534750685815783,0.3514624008765587,0.011861177591177134,2.3013320702772875,3.2188915656163144,1384950.0,0.5739402620248419
5.0,alexnet,11,200.0,3.4542463023278467,0.4112297755021315,0.007971800290621243,2.304895125902616,3.232883104911217,1384950.0,0.5730488036629504
5.0,alexnet,12,200.0,3.453659550291537,0.4107683255122258,0.009839571439302884,2.3031048958118143,3.2622721745417667,1384950.0,0.5734956127878219
5.0,mobilenetv2,1,200.0,0.3724227968830745,0.12055310606956482,0.0503334105014801,21.433125466108322,22.39306604862213,12845560.0,0.5715680668415262
5.0,mobilenetv2,2,200.0,0.7447016443294454,0.3042773902416229,0.046894192695617676,10.695710062980652,11.64778184890747,6423032.0,0.5727045774977311
5.0,mobilenetv2,3,200.0,1.985762664554526,0.9318853616714478,0.02413278818130493,4.0017713606357574,5.08337014913559,2408952.0,0.5740882224413741
5.0,mobilenetv2,4,200.0,1.9415501070749304,1.073040395975113,0.01749706268310547,3.9785049855709076,5.079268455505371,2408952.0,0.577441947693139
5.0,mobilenetv2,5,200.0,5.156315702921553,1.212692141532898,0.021131038665771484,1.298984169960022,2.546526849269867,803318.0,0.5898258341860452
5.0,mobilenetv2,6,200.0,4.582898969878536,1.3068618476390839,0.019467175006866455,1.291765719652176,2.6277906596660614,803318.0,0.5930670993368848
5.0,mobilenetv2,7,200.0,4.47452504622954,1.353941172361374,0.015958845615386963,1.29165580868721,2.671746253967285,803318.0,0.5931175711064298
5.0,mobilenetv2,8,200.0,5.693766165305688,1.3554571568965912,0.013923823833465576,0.6202544867992401,1.9997024536132812,401909.0,0.6179565724454832
5.0,mobilenetv2,9,200.0,5.480627415235097,1.4007078409194946,0.013397544622421265,0.6201342642307281,2.0450086295604706,401909.0,0.6180763885524483
5.0,mobilenetv2,10,200.0,5.522964703617275,1.398607075214386,0.012649327516555786,0.6201405823230743,2.042389363050461,401909.0,0.6180700846202782
5.0,mobilenetv2,11,200.0,5.168992824334564,1.4894445836544037,0.011537015438079834,0.6202173233032227,2.132695972919464,401909.0,0.6179936096584328
5.0,mobilenetv2,12,200.0,4.16017629095262,1.5611247420310974,0.01098737120628357,0.9562036693096161,2.540318638086319,602613.0,0.6010189845880645
5.0,mobilenetv2,13,200.0,4.311470441986755,1.5133659541606903,0.008504390716552734,0.9559880495071411,2.4901753962039948,602613.0,0.6011545768272297
5.0,mobilenetv2,14,200.0,4.26101196851509,1.595945566892624,0.004954040050506592,0.9560916721820831,2.569704592227936,602613.0,0.6010893831457951
5.0,mobilenetv2,15,200.0,4.686381038627439,1.6602007746696472,0.004058182239532471,0.3683089315891266,2.0452930331230164,251379.0,0.6509041617127558
5.0,mobilenetv2,16,200.0,4.803062200549916,1.639962375164032,0.0031891167163848877,0.36844444274902344,2.0245019495487213,251379.0,0.6506649385918771
5.0,mobilenetv2,17,200.0,4.576299664022979,1.717073678970337,0.002739816904067993,0.36827465891838074,2.1014442443847656,251379.0,0.6509645815108425
5.0,mobilenetv2,18,200.0,4.276589787738196,1.819870263338089,0.0013706982135772705,0.7880809903144836,2.623247057199478,502262.0,0.6077984197406939
5.0,resnet18,1,200.0,0.7448194218690217,0.5095129930056058,0.024773616057175856,10.716680618432852,11.669557626430805,6423032.0,0.5715850848227946
5.0,resnet18,2,200.0,0.7445737837068743,0.7307987946730393,0.01528461162860577,10.725583278215849,11.655763185941256,6423032.0,0.5711098172860894
5.0,resnet18,3,200.0,1.4864568442887025,0.8684509350703313,0.015163403290968675,5.349854762737568,6.350206558520977,3211768.0,0.5725379110535326
5.0,resnet18,4,200.0,1.4626095657171125,1.0413041298206036,0.012218310282780575,5.323860792013315,6.388794000332172,3211768.0,0.575332514233827
5.0,resnet18,5,200.0,2.723116323609812,1.1648297493274395,0.009521154256967397,2.635020714539748,3.8166144994589,1606134.0,0.5812966675603348
5.0,resnet18,6,200.0,2.5996408269340106,1.2959296703338623,0.0059682956108680135,2.634857654571533,3.944378614425659,1606134.0,0.5813326423491294
5.0,resnet18,7,200.0,4.311609464666599,1.4271968878232515,0.004335916959322416,1.2916027215810924,2.729728552011343,803318.0,0.5931419586038391
5.0,resnet18,8,200.0,3.988817135216642,1.5820402915661151,0.0003696588369516226,1.2918198842268724,2.8808927902808557,803318.0,0.5930422418040971
1.0,inceptionv3,1,250.0,0.899420006341168,0.21000049664424017,5.360356184152456,3.531027702184824,14.362914745624249,22734328.0,6.14823313435089
1.0,inceptionv3,2,250.0,0.7821786712656997,0.4689322618337778,5.142236581215491,5.190464203174297,15.752023440140944,22128120.0,4.143231099434055
1.0,inceptionv3,3,250.0,0.5915194785199638,1.0754737487206092,4.483792580091036,9.00173568725586,18.8102094576909,44255736.0,4.719974752665846
1.0,inceptionv3,4,250.0,1.101644462972147,1.0809908646803637,4.415120069797222,3.015502984707172,12.106807195223295,10914296.0,3.5883258381564955
1.0,inceptionv3,5,250.0,1.0508734117902372,1.2338588237762451,4.299617804013765,3.4866042870741625,12.326738449243399,13642744.0,3.826321726760008
1.0,inceptionv3,6,250.0,0.8985585035222188,1.797256744824923,3.7533968595358043,5.435402264961829,13.539909032674936,30972408.0,5.579998919359863
1.0,inceptionv3,7,250.0,1.623604592645708,1.8207375636467567,3.8343856518085184,1.3848959115835338,9.176603629038883,7526904.0,6.321876403785633
1.0,inceptionv3,8,250.0,1.5678682878007124,2.1179440938509426,3.4652091539823093,1.8950871871067927,9.306945213904747,10035705.0,5.6245283765457295
1.0,inceptionv3,9,250.0,1.6187065666753853,2.4515630281888523,3.1267594190744252,2.091242166665884,8.821972406827486,11290105.0,5.771395483397277
1.0,inceptionv3,10,250.0,1.628706861391456,2.7923192977905273,2.7395590268648586,2.426275601753822,8.596951227921705,11290105.0,4.768697447592458
1.0,inceptionv3,11,250.0,1.644973185943921,3.10424412213839,2.427368787618784,2.227398322178767,8.03073791357187,7102969.0,3.2795543225733335
1.0,inceptionv3,12,250.0,1.475906810005231,3.41269850730896,2.099671327150785,2.567680542285626,8.350154509911171,7102969.0,2.808517387753052
1.0,inceptionv3,13,250.0,1.3527254316071275,3.830264916786781,1.7067923912635217,2.6455587423764744,8.457354068756104,7102969.0,2.653701769185868
1.0,inceptionv3,14,250.0,1.205040653123338,4.219132258341863,1.3057020260737493,3.026122753436749,8.824929604163536,7102969.0,2.2840503553761184
1.0,inceptionv3,15,250.0,1.077271122196079,4.671981022908137,0.856763454583975,3.1816928203289327,8.981275760210478,7102969.0,2.1657977963740147
1.0,inceptionv3,16,250.0,1.5633707851086214,4.960410118103027,0.5985478621262771,2.125966787338257,7.944181478940523,2621944.0,1.2031558276231538
1.0,inceptionv3,17,250.0,1.0380811750372392,5.130202366755559,0.36720712368304914,3.088381822292621,8.84854976947491,4194808.0,1.320341239929925
1.0,inceptionv3,18,250.0,0.9375721392488501,5.492598643669715,0.0034895860231839693,3.511123565527109,9.270155118061947,4194808.0,1.1429169266049846
1.0,inceptionv3,19,250.0,1.4469384189459644,5.4650804446293755,0.002052123729999249,1.001507355616643,6.722940848423884,66036.0,0.06288205623378482
1.0,vgg16,1,250.0,0.2270428814092159,0.8638390898704529,12.575399458408356,22.144544184207916,47.63224717974663,102760952.0,4.425930271043753
1.0,vgg16,2,250.0,0,0.944899320602417,15.450576066970825,22.384055376052856,39.9182231426239,102760952.0,4.378137875619239
1.0,vgg16,3,250.0,0.24173870001069928,2.6794153253237405,10.576756536960602,22.07567721605301,44.32161225875219,102760952.0,4.440098137539858
1.0,vgg16,4,250.0,0.24477749088030662,2.764880084991455,10.39440369606018,21.932263565063476,43.61792504787445,102760952.0,4.4701965722572305
1.0,vgg16,5,250.0,0.4702580530733609,2.8765714168548584,10.177728102757381,6.9037119792057915,27.40130694095905,25690616.0,3.569719840971931
1.0,vgg16,6,250.0,0.39614221901058183,3.7085311046013465,9.63341945868272,10.50572101886456,30.461860289940468,51380728.0,4.680086409016585
1.0,vgg16,7,250.0,0.39658736439803743,3.750537633895874,9.47543848477877,10.642045387854942,30.287399933888363,51380728.0,4.62529191529073
1.0,vgg16,8,250.0,0.455089212987857,4.965809363585252,8.270779022803673,9.352799122150127,26.83935854985164,51380728.0,5.283859656893767
1.0,vgg16,9,250.0,0.4622646430871721,4.994362684396597,8.03246101966271,9.365873850308931,26.31784352889428,51380728.0,5.2873223506186005
1.0,vgg16,10,250.0,0.7685042986982971,5.132627670581524,8.130801420945387,2.508348354926476,19.158652489001934,12845560.0,5.2592890663967715
1.0,vgg16,11,250.0,0.6397897917625983,5.6541631038372335,7.363706753804133,5.315254193085891,20.474661038472103,25690617.0,4.705228158529367
1.0,vgg16,12,250.0,0.6346162778927606,5.6193472972283,7.5266783604255085,5.230244709895207,20.689883800653313,25690617.0,4.7998619721633515
1.0,vgg16,13,250.0,0.5760952249075572,6.686297526726356,6.109363262469952,7.453053346047034,20.59581052339994,25690617.0,3.2938344832364823
1.0,vgg16,14,250.0,0.5737917756137437,6.734996410516592,6.174026049100435,7.46983711536114,20.728135695824257,25690617.0,3.2845881395894727
1.0,vgg16,15,250.0,0.532993859236552,7.684286392652071,4.95183539390564,7.618080542637752,20.566827517289383,25690617.0,3.2181319663248007
1.0,vgg16,16,250.0,0.5214511435048242,7.8461620807647705,4.960959966366108,7.621758919495803,20.75946778517503,25690617.0,3.214568755414351
1.0,vgg16,17,250.0,0.6541655059240192,8.000020082180317,4.902271949327909,4.336693690373347,17.508026746603157,6423033.0,1.4168766746983228
1.0,vgg16,18,250.0,0.5745300269533712,8.706429481506348,4.420608117030217,5.556268160159771,18.98719094349788,12845561.0,2.2048168736776
1.0,vgg16,19,250.0,0.5820585788691255,8.617170315522413,4.3741903855250435,5.557330975165734,18.856121448370125,12845561.0,2.2043927258594542
1.0,vgg16,20,250.0,0.5355327712661314,9.821865650323721,3.061046398602999,5.483561570827778,18.647840096400333,12845561.0,2.2362797479019765
1.0,vgg16,21,250.0,0.5279906423148197,9.924725917669443,3.0703857862032375,5.516963078425481,18.797860017189613,12845561.0,2.221698662639039
1.0,vgg16,22,250.0,0.490499692381832,11.21067689015315,1.760870676774245,5.441993273221529,18.691843326275166,12845561.0,2.2544021608072873
1.0,vgg16,23,250.0,0.4891896211507771,11.211908377133883,1.7482359959528997,5.4838337898254395,18.725919044934788,12845561.0,2.236264866939504
1.0,vgg16,24,250.0,0.6949409235849763,11.207468968171339,1.7112889473254864,3.5192518417651835,16.699835813962498,3211768.0,0.8703502140323439
1.0,vgg16,25,250.0,0.678880471375263,11.482930165070753,1.4097711122952974,3.519051643518301,16.6716237618373,3211768.0,0.8703995902498463
1.0,vgg16,26,250.0,0.6545665926311347,11.697342028984657,1.4345884873316839,3.51971644621629,16.91295389028696,3211768.0,0.8702356522582501
1.0,vgg16,27,250.0,0.6415141082821112,11.911778670090895,1.1141696526454046,3.518865842085618,16.806167987676766,3211768.0,0.8704454462707246
1.0,vgg16,28,250.0,0.6459234899000511,11.84835228553185,1.1108668400691106,3.5189952300145078,16.74047510440533,3211768.0,0.870413453870902
1.0,vgg16,29,250.0,0.6335402459572125,12.085735229345469,0.8086393429682806,3.5204155445098877,16.67620691886315,3211768.0,0.8700627229928608
1.0,vgg16,30,250.0,0.6278757791190301,12.180082742984478,0.8082092175116906,3.5187206268310547,16.76938093625582,3211768.0,0.8704813883023623
1.0,alexnet,1,250.0,6.31037331600639,0.08868068915147048,0.7197243983928974,0.8099202376145583,2.6679238906273475,6195704.0,10.198777677253116
1.0,alexnet,2,250.0,6.374506961155108,0.0913849427149846,0.7163325089674729,0.803890741788424,2.643941805912898,6195704.0,10.310058956527497
1.0,alexnet,3,250.0,7.302022370950466,0.09870180716881385,0.7041863661545974,0.7724168850825383,3.4219290293180027,1493494.0,7.4991088113776
1.0,alexnet,4,250.0,7.077643143958967,0.20162125734182504,0.6056221815255972,0.789668449988732,2.7316227509425235,4479480.0,7.657049867126755
1.0,alexnet,5,250.0,7.093493727764522,0.2051843313070444,0.6021835253788874,0.7893111889178936,2.7264638130481424,4479480.0,7.667556552248228
1.0,alexnet,6,250.0,8.35616420498679,0.2068813397334172,0.5958371712611272,0.7330242670499362,3.4103648845966044,1038837.0,7.94061693991483
1.0,alexnet,7,250.0,8.163157439318569,0.27005698130680966,0.5405717629652756,0.7916589700258695,2.140203457612258,2077174.0,7.2843305679467
1.0,alexnet,8,250.0,14.687195092192106,0.2717284239255465,0.5381161249600924,0.27375072699326736,2.062845230102539,2077174.0,420.42422253289544
1.0,alexnet,9,250.0,7.54534002024899,0.35906309347886306,0.44575223555931676,0.7392888802748461,1.869838916338407,1384950.0,7.2324139299725
1.0,alexnet,10,250.0,7.38577461530311,0.36151907994196963,0.4486233087686392,0.7398426716144269,1.883386465219351,1384950.0,7.5466621374662
1.0,alexnet,11,250.0,17.178214944805102,0.4178032141465407,0.39562197831960827,0.29205758755023664,1.7221157550811768,1384950.0,127.15124281073257
1.0,alexnet,12,250.0,1.34994042508892,0.4163206907419058,0.3816510897416335,1.301604674412654,1.8358789957486665,1384950.0,0.96962394631576
1.0,resnet18,1,250.0,4.863948223695686,0.534106181218074,1.0985148136432354,0.811425520823552,3.780913463005653,6423032.0,10.559259226083807
1.0,resnet18,2,250.0,5.105581797842648,0.7514268434964694,0.8744237422943115,0.9500496020683875,3.547600581095769,6423032.0,8.719793086572107
1.0,resnet18,3,250.0,8.248512513958753,0.8835586767930251,0.7376633607424222,0.4689076313605675,2.689148884553176,3211768.0,15.158377560680082
1.0,resnet18,4,250.0,7.377481035131647,1.0416386494269738,0.5702584523421067,0.7419030666351318,2.664742433107816,3211768.0,5.616100134545277
1.0,resnet18,5,250.0,6.888580667806731,1.1605852200434759,0.4357783244206355,0.6595363250145545,2.5321563757382908,1606134.0,5.37705060874922
1.0,resnet18,6,250.0,5.943691800089179,1.3022597569685717,0.2842440421764667,0.6599568036886362,2.520840516457191,1606134.0,5.267838421358214
1.0,resnet18,7,250.0,5.577366506791735,1.4335289368262658,0.16277304062476525,0.6205318707686204,2.489866935289823,803318.0,2.714709910369677
1.0,resnet18,8,250.0,5.048846770511547,1.5827569044553316,0.0029379587907057544,0.621170447422908,2.4806392743037295,803318.0,2.7199401710817535
1.0,resnet50,1,250.0,0.8077555004479793,1.0039892013256366,4.488458523383508,5.592939872008103,15.049665671128492,25690617.0,4.459615296440758
1.0,resnet50,2,250.0,0.9082222702518471,1.3970093176915095,3.9960746398338904,5.014088795735286,13.437400909570547,25690617.0,4.9975216477056215
1.0,resnet50,3,250.0,1.035550806893188,1.8608947350428655,3.4930971952585073,4.470139686877911,12.07117905983558,25690617.0,5.6361333054382925
1.0,resnet50,4,250.0,1.560926116328102,2.4712716249319224,2.968671358548678,2.4073410217578592,8.94427884542025,12845561.0,5.485647208888604
1.0,resnet50,5,250.0,1.5082411683467012,2.7238173484802246,2.6082700215853176,2.8442782071920543,8.66286717928373,12845561.0,4.5537145790668045
1.0,resnet50,6,250.0,1.4109278679212363,3.0067354165590725,2.3811430747692404,3.0994763741126428,8.811219197053175,12845561.0,4.123498625064601
1.0,resnet50,7,250.0,1.3199897526463669,3.2831536623147817,2.1161197332235484,3.1408717448894796,8.866669544806847,12845561.0,4.044797159730593
1.0,resnet50,8,250.0,1.3149746621588523,3.65621122947106,1.7677536927736723,2.5987551395709696,8.333496497227596,6423032.0,2.4383683530112013
1.0,resnet50,9,250.0,1.2378179008024974,3.9428562567784238,1.5355952336237981,2.678099668942965,8.46893572807312,6423032.0,2.358867411560097
1.0,resnet50,10,250.0,1.2142865739794213,4.117540983053354,1.3571381568908691,2.7933538877047024,8.58314530666058,6423032.0,2.2522663208578386
1.0,resnet50,11,250.0,1.1566894062661264,4.320790969408476,1.1556196212768555,2.981290046985333,8.771894234877367,6423032.0,2.110110303644181
1.0,resnet50,12,250.0,1.0951533898765637,4.448909466083233,0.9394633403191199,3.022395995947031,8.729628196129433,6423032.0,2.0582959496711632
1.0,resnet50,13,250.0,1.0589122409297607,4.716913223266602,0.7554368055783786,3.1353681637690616,8.929387899545523,6423032.0,1.9937829487831293
1.0,resnet50,14,250.0,1.4973537155185948,5.052857619065505,0.38598308196434605,2.1636108985314,7.918519496917725,3211768.0,1.4664903063662111
1.0,resnet50,15,250.0,1.508812086133382,5.173818588256836,0.1886420983534593,2.1630166860727162,7.846961094782903,3211768.0,1.4813898499569906
1.0,resnet50,16,250.0,1.378231994360305,5.4744457464951735,0.0034408019139216496,2.280485831774198,8.06650759623601,3211768.0,1.4109468049181788
1.0,resnet50,17,250.0,1.3888775898917223,5.468509857471172,0.003111600875854492,2.2438276547652025,8.052618613609901,3211768.0,1.4251246584939528
1.0,resnet50,18,250.0,1.4219559076448829,5.496177618320171,0.0033872861128586987,2.2426047508533182,8.101596428797794,3211768.0,1.417357006244031
1.0,mobilenetv2,1,250.0,2.2733951526738183,0.11599382758140564,1.721506029367447,2.2640495896339417,6.226072758436203,12845560.0,6.275309438268259
1.0,mobilenetv2,2,250.0,3.075552903449783,0.295049786567688,1.5702609717845917,1.4554160833358765,6.180723249912262,6423032.0,8.915796445477696
1.0,mobilenetv2,3,250.0,2.115094815562575,0.8859659135341644,0.9848521053791046,1.4436885118484497,3.0630710124969482,2408952.0,8.21694178974866
1.0,mobilenetv2,4,250.0,3.489990026570727,1.1014683246612549,0.7674862444400787,0.7008228302001953,2.9916503727436066,2408952.0,8.799090579398278
1.0,mobilenetv2,5,250.0,7.081558650052413,1.1739903092384338,0.67848140001297,0.6839150190353394,2.652926594018936,803318.0,3.506625124342683
1.0,mobilenetv2,6,250.0,6.288058651739874,1.2373994588851929,0.5695420801639557,0.6955850422382355,2.6703865230083466,803318.0,3.5033346002095533
1.0,mobilenetv2,7,250.0,5.599414066592734,1.392827957868576,0.5110913813114166,0.7532733380794525,2.8889644145965576,803318.0,1.3714708510902427
1.0,mobilenetv2,8,250.0,5.864773953625691,1.336679756641388,0.4606180787086487,0.6301499605178833,2.700024574995041,401909.0,1.7585010754343877
1.0,mobilenetv2,9,250.0,5.24576388211278,1.4130138456821442,0.42401236295700073,0.6894481182098389,2.8193406462669373,401909.0,0.6925255410191753
1.0,mobilenetv2,10,250.0,5.125574589725598,1.4582943618297577,0.3847217261791229,0.689345121383667,2.7962833642959595,401909.0,0.6925377333380038
1.0,mobilenetv2,11,250.0,5.446380354828464,1.4408055245876312,0.3471370041370392,0.6309568583965302,2.6774224042892456,401909.0,1.8745020135687303
1.0,mobilenetv2,12,250.0,5.742190509492261,1.502088576555252,0.31259533762931824,0.6330220103263855,2.717645287513733,602613.0,7.592994953397822
1.0,mobilenetv2,13,250.0,5.483541753937081,1.5638177990913391,0.23688650131225586,0.6937001347541809,2.757444143295288,602613.0,2.5959086132670857
1.0,mobilenetv2,14,250.0,5.198505303446042,1.6465419828891754,0.1765155792236328,0.6939116418361664,2.777556598186493,602613.0,2.628628988588407
1.0,mobilenetv2,15,250.0,4.59349971385602,1.6915064752101898,0.1299745738506317,0.6896592378616333,2.771827518939972,251379.0,0.43279601411172625
1.0,mobilenetv2,16,250.0,4.924997880653991,1.7179922461509705,0.09803640842437744,0.6309601664543152,2.7100653648376465,251379.0,1.1121454323758748
1.0,mobilenetv2,17,250.0,4.577235256336042,1.7079028487205505,0.06475123763084412,0.6887453198432922,2.727863132953644,251379.0,0.43352266293642633
1.0,mobilenetv2,18,250.0,4.343228095015911,1.8039490282535553,0.028145313262939453,0.7522097527980804,2.8570061922073364,502262.0,0.8587902152916196
2.0,mobilenetv2,1,200.0,0.1486854442502651,0.11758527159690857,1.712026059627533,52.29403838515282,57.2136966586113,12845560.0,0.23428556357202152
2.0,mobilenetv2,2,200.0,0.2958116851174056,0.30111369490623474,1.5706267058849335,25.640517681837082,30.09485250711441,6423032.0,0.23901236459817216
2.0,mobilenetv2,3,200.0,0.7909001861883657,0.9109298586845398,0.9894000887870789,9.231688380241394,12.855515241622925,2408952.0,0.24907945399301007
2.0,mobilenetv2,4,200.0,0.7939108197928689,1.1066329181194305,0.7566014230251312,9.397766530513763,12.222704470157623,2408952.0,0.2445777181099225
2.0,mobilenetv2,5,200.0,2.3737217135297635,1.165397435426712,0.6577810049057007,2.7780348658561707,5.665212541818619,803318.0,0.27676564453078256
2.0,mobilenetv2,6,200.0,2.378949267213795,1.2324164807796478,0.6288067102432251,2.794745624065399,5.544091731309891,803318.0,0.27500518330467166
2.0,mobilenetv2,7,200.0,2.3872095803441464,1.314470261335373,0.47126656770706177,2.9296095967292786,5.653955399990082,803318.0,0.26189808753320043
2.0,mobilenetv2,8,200.0,4.774589051826405,1.3498739302158356,0.48979949951171875,1.232904702425003,3.8022499084472656,401909.0,0.31340109114066345
2.0,mobilenetv2,9,200.0,4.765479574811028,1.3821189403533936,0.43445634841918945,1.2809009850025177,3.7908873856067657,401909.0,0.30087255234868365
2.0,mobilenetv2,10,200.0,4.763623822598782,1.436444252729416,0.3827160894870758,1.329325020313263,3.756644457578659,401909.0,0.28934766585810434
2.0,mobilenetv2,11,200.0,4.430805022528002,1.566597729921341,0.3651275336742401,1.4210604131221771,3.4957337975502014,401909.0,0.27142998487147735
2.0,mobilenetv2,12,200.0,3.1728872348257005,1.4977632761001587,0.31794485449790955,2.226164698600769,4.609350323677063,602613.0,0.2583462832961775
2.0,mobilenetv2,13,200.0,3.143304456133884,1.625807285308838,0.247402161359787,2.3041169941425323,4.814378887414932,602613.0,0.24954179324757328
2.0,mobilenetv2,14,200.0,3.1628527579422565,1.685096263885498,0.1747789978981018,2.3588244915008545,4.356187283992767,602613.0,0.24365655626897337
2.0,mobilenetv2,15,200.0,4.540638352432845,1.7201481759548187,0.12906703352928162,0.9220829904079437,2.7525126338005066,251379.0,0.2599929316917362
2.0,mobilenetv2,16,200.0,4.412113249331607,1.7632264494895935,0.09653326869010925,0.9210413694381714,2.76165908575058,251379.0,0.26028561631853153
2.0,mobilenetv2,17,200.0,4.648736413321533,1.6983892321586609,0.06463611125946045,0.9221619069576263,2.66569447517395,251379.0,0.2599702915201636
2.0,mobilenetv2,18,200.0,3.775205373137917,1.73582723736763,0.028287649154663086,2.0291352570056915,3.8877342641353607,502262.0,0.23616594951149184
2.0,inceptionv3,1,200.0,0.08373725769707893,0.20520688937260553,5.33066881619967,90.57054211543156,102.56193091319157,22734328.0,0.23947446081854976
2.0,inceptionv3,2,200.0,0.08618571163088634,0.4721216788658729,5.076328937823956,88.09156265625587,99.08828748189487,22128120.0,0.23962048140161524
2.0,inceptionv3,3,200.0,0.04310527401951978,1.0737144580254188,4.4854948337261495,181.25275549521814,191.97051493938153,44255736.0,0.2328727278642678
2.0,inceptionv3,4,200.0,0.17396463230602432,1.1054316117213323,4.434706926345825,41.852483144173256,51.8805188032297,10914296.0,0.24898057991969064
2.0,inceptionv3,5,200.0,0.13941813673169218,1.239678823030912,4.317372010304378,53.357345012518074,62.905054312485916,13642744.0,0.24397955268268856
2.0,inceptionv3,6,200.0,0.061432461268871114,1.7349599508138804,3.7255574006300707,126.70533009675833,135.20372220186087,30972408.0,0.2331304850283929
2.0,inceptionv3,7,200.0,0.25238451477215507,1.8467325980846698,3.71040731209975,28.24518686074477,37.25186483676617,7526904.0,0.25446573267083583
2.0,inceptionv3,8,200.0,0.18783645083925157,2.2314395170945387,3.423470588830801,39.368798164220955,47.766921080075775,10035705.0,0.24325504794592054
2.0,inceptionv3,9,200.0,0.16749014247088456,2.4316133719224196,3.0633814334869385,44.87856984138489,52.78776937264662,11290105.0,0.2399810683040885
2.0,inceptionv3,10,200.0,0.16462551988544766,2.8171819356771617,2.7299963327554555,45.95195172383235,52.71891799339881,11290105.0,0.23432898781988534
2.0,inceptionv3,11,200.0,0.2580689953004556,3.1058351259965162,2.4066543762500467,28.670384040245644,35.15612925015963,7102969.0,0.23629144261172488
2.0,inceptionv3,12,200.0,0.25554067766106364,3.4310314655303955,2.0837922463050256,29.243722512171818,35.146800407996544,7102969.0,0.2316400783058325
2.0,inceptionv3,13,200.0,0.25197133075660155,3.823456910940317,1.7033073168534498,29.58955618051382,35.16366085639367,7102969.0,0.22893025592758842
2.0,inceptionv3,14,200.0,0.24507091634644035,4.196612486472497,1.2805164410517766,29.60444927215576,35.11029817507817,7102969.0,0.22881422513763242
2.0,inceptionv3,15,200.0,0.2461094030998243,4.666013882710383,0.8347778870509222,29.607774679477398,35.14179207728459,7102969.0,0.22878852762935845
2.0,inceptionv3,16,200.0,0.5767290933410802,4.808128008475671,0.633350684092595,10.845466650449312,16.307174462538498,2621944.0,0.23055538435216058
2.0,inceptionv3,17,200.0,0.3857410637099963,5.1365613753979025,0.358885251558744,17.42908789561345,22.939246801229622,4194808.0,0.2295289783803642
2.0,inceptionv3,18,200.0,0.38060216122583107,5.400782420085027,0.0038064076350285457,17.430524202493523,22.837888167454647,4194808.0,0.22951007021502773
2.0,inceptionv3,19,200.0,1.4586476920967126,5.419539451599121,0.0021839508643517126,0.1457666433774508,5.555244354101328,66036.0,0.4320532699662835
2.0,alexnet,1,200.0,0.30853649416425133,0.08625446833097018,0.7099360319284292,25.259814023971558,28.38552104509794,6195704.0,0.23392559097429955
2.0,alexnet,2,200.0,0.30852069014299793,0.09007740020751953,0.7062738675337571,25.262912786923923,28.401892221890964,6195704.0,0.2338969754013915
2.0,alexnet,3,200.0,1.280211696790198,0.09874171477097732,0.7036429001734807,5.58787753031804,8.7063171680157,1493494.0,0.2550738740433879
2.0,alexnet,4,200.0,0.4266617839100454,0.19928240776062012,0.5976291069617639,18.184001225691574,21.05452403655419,4479480.0,0.2349413324827977
2.0,alexnet,5,200.0,0.4267692195219743,0.20259692118718073,0.5902099792773907,18.1881685256958,21.08135753411513,4479480.0,0.23488735063899538
2.0,alexnet,6,200.0,1.840379627207533,0.20706341816828802,0.5901321264413687,3.7904254656571608,6.573884267073411,1038837.0,0.26162950802054263
2.0,alexnet,7,200.0,0.9203137850920996,0.2649401151216947,0.5300054733569806,8.190382737379808,10.988102124287533,2077174.0,0.24190406760882152
2.0,alexnet,8,200.0,0.9203644020831427,0.2663869674389179,0.5294371384840745,8.19086006971506,10.35048039142902,2077174.0,0.241889927261019
2.0,alexnet,9,200.0,1.380717396569354,0.3555932961977445,0.4425877057589017,5.374159996326153,7.388387533334585,1384950.0,0.24582914875623568
2.0,alexnet,10,200.0,1.3809898572353132,0.3579347867232103,0.44341204716609073,5.37347701879648,7.976649541121263,1384950.0,0.2458618052921849
2.0,alexnet,11,200.0,1.380314377011525,0.4120578949268048,0.3820091394277719,5.430520589535053,7.773167280050425,1384950.0,0.2432545396863763
2.0,alexnet,12,200.0,1.38017623694862,0.4127264389624962,0.38062258867117077,5.432324519524207,7.885100254645715,1384950.0,0.2431731359656421
2.0,vgg16,1,200.0,0.018557708719649738,0.8579654143406794,12.244589787263136,419.29765899364764,445.7031879791847,102760952.0,0.23375131265071294
2.0,vgg16,2,200.0,0.01855775693977827,0.947627067565918,12.087247573412382,419.45756129118115,445.6395114201766,102760952.0,0.23366141217812025
2.0,vgg16,3,200.0,0.018527254198357983,2.663756388884324,10.802455040124746,421.30220912053034,445.40237190173224,102760952.0,0.23262999314942615
2.0,vgg16,4,200.0,0.018519582209611182,2.75995239844689,10.253588383014385,421.95746434651886,444.95309793032135,102760952.0,0.232267393043163
2.0,vgg16,5,200.0,0.07322907273975308,2.8810170797201304,10.35012542284452,99.5334307230436,121.48437450482295,25690616.0,0.24639578959369943
2.0,vgg16,6,200.0,0.03680560632631883,3.7015923720139723,9.810135547931377,207.94368411944464,229.52194943794836,51380728.0,0.2356900156403089
2.0,vgg16,7,200.0,0.036692738893081105,3.7475026754232554,9.7064567896036,208.65360342539273,229.4562958937425,51380728.0,0.23487670134380897
2.0,vgg16,8,200.0,0.03653240951350648,4.957309887959407,8.022034791799692,211.12233253625723,228.6531726030203,51380728.0,0.2321080799938484
2.0,vgg16,9,200.0,0.036636581446142714,5.0080743202796345,8.23838681441087,210.29632021830633,229.00320390554575,51380728.0,0.23302385940021486
2.0,vgg16,10,200.0,0.14053135679813314,5.112830217068012,7.822152596253615,49.4487444620866,66.85072671450101,12845560.0,0.24795237358383743
2.0,vgg16,11,200.0,0.07128122142001783,5.601620784172645,7.468542557496291,104.94827349369342,120.74553386981671,25690617.0,0.23346805322130518
2.0,vgg16,12,200.0,0.07172648768787843,5.626866175578191,7.836749040163481,103.97758456376883,121.27740520697374,25690617.0,0.23566502466837308
2.0,vgg16,13,200.0,0.07078365640233192,6.688346312596248,6.107105493545532,106.93640809792738,120.38603551571185,25690617.0,0.22911388472950703
2.0,vgg16,14,200.0,0.07123263682582331,6.675015504543598,6.1518934690035305,106.22832048856296,120.38923733051007,25690617.0,0.23064377462059876
2.0,vgg16,15,200.0,0.07051191430963855,7.804320482107309,4.960374520375178,107.43144356287442,120.260979615725,25690617.0,0.22805690270293053
2.0,vgg16,16,200.0,0.07054503335252925,7.7543526612795315,4.975071136768047,107.4386995939108,120.20558190345764,25690617.0,0.22804150168419834
2.0,vgg16,17,200.0,0.23999217235346834,8.00954270362854,4.9108147621154785,26.759182324776283,39.68705103947566,6423033.0,0.22891139152302464
2.0,vgg16,18,200.0,0.13255595118752558,8.725809152309711,4.333251879765437,53.650692169482895,66.7689950466156,12845561.0,0.22833781498090863
2.0,vgg16,19,200.0,0.13133236945780108,8.719528455000658,4.32278299331665,53.65358523222116,66.75899852239169,12845561.0,0.22832550811861296
2.0,vgg16,20,200.0,0.1298593307899033,9.906187864450308,2.9618815091940074,53.64871399219219,66.55575777934148,12845561.0,0.22834623435174053
2.0,vgg16,21,200.0,0.1298673037124073,10.033761904789852,3.0295604375692515,53.648071454121514,66.76135774759146,12845561.0,0.2283489669000864
2.0,vgg16,22,200.0,0.12722096450293205,11.222747179178091,1.72456772510822,53.649784546632034,66.63677290769724,12845561.0,0.2283416782930111
2.0,vgg16,23,200.0,0.12744043181749795,11.06238915370061,1.7509591029240534,53.64662417998681,66.48143304311313,12845561.0,0.22835512895762766
2.0,vgg16,24,200.0,0.35052808189711476,11.312219234613272,1.7155969876509447,13.315944488231953,26.33704972267151,3211768.0,0.230023545978354
2.0,vgg16,25,200.0,0.34524015617363074,11.669411090704111,1.418557332112239,13.316248086782602,26.393354379213772,3211768.0,0.23001830128155099
2.0,vgg16,26,200.0,0.3453007806072794,11.676605793145987,1.4117999627039983,13.316244657223042,26.393888455170853,3211768.0,0.2300183583122486
2.0,vgg16,27,200.0,0.3416189514710204,11.907641209088839,1.1322030104123628,13.316318530302782,26.361095080008873,3211768.0,0.23001707953275355
2.0,vgg16,28,200.0,0.34326368963281223,11.779605865478516,1.1046296266409068,13.316102027893066,26.213458391336296,3211768.0,0.23002082416920205
2.0,vgg16,29,200.0,0.33883718579695926,12.099097820428701,0.8165160876054031,13.316521607912504,26.25002021055955,3211768.0,0.23001357592743016
2.0,vgg16,30,200.0,0.3378959672421358,12.098457629864033,0.8169249204488901,13.3168594286992,26.25410692508404,3211768.0,0.23000775023734785
2.0,resnet18,1,200.0,0.297653748630871,0.5258614283341628,1.0810385117164025,25.8633443575639,29.710438765012302,6423032.0,0.23686465025380518
2.0,resnet18,2,200.0,0.2976305743790324,0.7308395642500657,0.8597375246194693,26.06955830867474,28.913377340023334,6423032.0,0.234981266215865
2.0,resnet18,3,200.0,0.5947790921284848,0.9010850833012507,0.704129512493427,12.787674647111158,15.995356871531559,3211768.0,0.23956217618011022
2.0,resnet18,4,200.0,0.5949814473499546,1.0290003556471605,0.5576793597294734,12.918839803108803,15.716361614374014,3211768.0,0.23711429585117946
2.0,resnet18,5,200.0,1.1904555002693649,1.1649723236377423,0.4340195105626033,6.309079078527597,8.781474040104793,1606134.0,0.2428229075826519
2.0,resnet18,6,200.0,1.1905341935096865,1.3108328122359056,0.2829009753007155,6.447743012354924,8.535379024652334,1606134.0,0.2375715824000883
2.0,resnet18,7,200.0,2.380665349700774,1.4329811242910533,0.15929486201359674,3.2021808991065392,5.254505157470703,803318.0,0.23924722735050058
2.0,resnet18,8,200.0,2.3789043373768126,1.5913130870232215,0.002605548271766076,3.3343670001396766,5.26605224609375,803318.0,0.22980230713059813
2.0,resnet50,1,200.0,0.0742184038154547,1.0045578112969031,4.479176301222581,103.60420337090126,113.5237792455233,25690617.0,0.2365235814189067
2.0,resnet50,2,200.0,0.07433645853173886,1.423678728250357,3.955177068710327,103.93101118161128,113.37072036816524,25690617.0,0.23576199440708556
2.0,resnet50,3,200.0,0.07423680058072546,1.8727836975684533,3.481179090646597,104.50851431259743,113.16284803243784,25690617.0,0.2344605220043373
2.0,resnet50,4,200.0,0.14721670976915305,2.459216136198777,2.9499349410717306,51.5557539829841,59.23580376918499,12845561.0,0.23767307476337268
2.0,resnet50,5,200.0,0.14524571988885518,2.7460443790142355,2.6311460641714244,52.53300863045912,59.128704694601204,12845561.0,0.23321021275863307
2.0,resnet50,6,200.0,0.1464849286626767,3.0042697466336765,2.3333953343904934,52.374665828851555,59.055087914833656,12845561.0,0.2339177589463757
2.0,resnet50,7,200.0,0.1459579335952383,3.277343933398907,2.0543830761542687,52.81420564651489,59.00834503540626,12845561.0,0.23195932857268858
2.0,resnet50,8,200.0,0.28278005552371455,3.6788975458878737,1.7346543165353627,26.56682777404785,32.17871135931749,6423032.0,0.23057099875507003
2.0,resnet50,9,200.0,0.2735056991813091,3.9051138254312368,1.5398989457350512,26.759155383476845,32.21938938360948,6423032.0,0.22891158925520988
2.0,resnet50,10,200.0,0.26552852984487435,4.100537245090191,1.3002869899456317,26.758240699768066,32.17157026437613,6423032.0,0.22891941245521913
2.0,resnet50,11,200.0,0.2698066629255425,4.313325716898992,1.1264672462756817,26.758875186626728,32.20915671495291,6423032.0,0.2289139872223768
2.0,resnet50,12,200.0,0.268806160662434,4.439567547578078,0.9458078054281381,26.758810666891243,32.14753440710214,6423032.0,0.22891453820840027
2.0,resnet50,14,200.0,0.4830434118664297,5.064868211746216,0.38308629622826207,13.316356182098389,18.757720360389122,3211768.0,0.23001643497953506
2.0,resnet50,15,200.0,0.45696939630072825,5.304545659285325,0.18996882438659668,13.315867607410137,18.800874123206505,3211768.0,0.23002487071171387
2.0,resnet50,16,200.0,0.4549916579043752,5.475505333680373,0.003333440193763146,13.316248086782602,18.785662999519936,3211768.0,0.23001829975188232
2.0,resnet50,17,200.0,0.46898363544948796,5.469977562244122,0.0034307333139272835,13.316251387962929,18.786621809005737,3211768.0,0.23001824138125082
2.0,resnet50,18,200.0,0.45854358246341187,5.394031396278968,0.0034909798548771786,13.316891009990986,18.717074192487278,3211768.0,0.230007196131339
